Topic,Category2,Sentiment_2018-01,Sentiment_2018-02,Sentiment_2018-03,Sentiment_2018-04,Sentiment_2018-05,Sentiment_2018-06,Sentiment_2018-07,Sentiment_2018-08,Sentiment_2018-09,Sentiment_2018-10,Sentiment_2018-11,Sentiment_2018-12,Sentiment_2019-01,Sentiment_2019-02,Sentiment_2019-03,Sentiment_2019-04,Sentiment_2019-05,Sentiment_2019-06,Sentiment_2019-07,Sentiment_2019-08,Sentiment_2019-09,Sentiment_2019-10,Sentiment_2019-11,Sentiment_2019-12,Sentiment_2020-01,Sentiment_2020-02,Sentiment_2020-03,Sentiment_2020-04,Sentiment_2020-05,Sentiment_2020-06,Category1,Sentiment_2020-07,Sentiment_2020-08,Sentiment_2020-09
White,ginger ale,0.0,0.0,0.0,0.0,0.0,0.0,0.0,0.0,0.0,0.0,0.0,0.0,0.0,0.0,0.0,0.0,0.0,0.0,0.0,0.0,0.0,0.0,0.0,0.7264,0.0,0.0,0.0,0.0,0.0,0.0,Beverage,0.0,0.0,0.0
Coca Cola,soda,0.0,0.0,0.0,0.0,0.0,0.0,0.0,0.0,0.0,0.0,0.0,0.0,0.0,0.0,0.0,0.0,0.0,0.0,0.0,0.0,0.0,0.0,0.0,0.025799999,0.0,0.0,0.0,0.0,0.0,0.0,Beverage,0.0,0.0,0.0
Vox,ginger ale,0.0,0.0,0.0,0.0,0.0,0.0,0.0,0.0,0.0,0.0,0.0,0.0,0.0,0.0,0.0,0.0,0.0,0.0,0.0,0.0,0.0,0.0,0.0,0.0,0.0,0.0,0.0,0.0,0.0,0.0,Beverage,0.0,0.0,0.0
#sparklingwater,soda,0.0,0.0,0.0,0.0,0.0,0.0,0.0,0.4724,0.0,0.0,0.0,0.0,0.0,0.0,0.0,0.0,0.0,0.4404,0.0,0.0,0.0,0.0,0.0,0.0,0.0,0.0,0.0,0.0,0.0,0.0,Beverage,0.0,0.0,0.0
@comiXology,ginger ale,0.807,0.0,0.0,0.0,0.0,0.0,0.0,0.0,0.0,0.0,0.0,0.0,0.0,0.0,0.0,0.0,0.0,0.0,0.0,0.0,0.0,0.0,0.0,0.0,0.0,0.0,0.0,0.0,0.0,0.0,Beverage,0.0,0.807,0.0
Soda Water,soda,0.0,0.0,0.0,0.0,0.0,0.0,0.0,0.0,0.0,0.0,0.0,0.8316,0.0,0.0,0.0,0.0,0.0,0.0,0.0,0.0,0.0,0.0,0.0,0.0,0.0,0.0,0.0,0.0,0.0,0.0,Beverage,0.0,0.0,0.0
Veggies,soda,0.0,0.0,0.0,0.0,0.0,0.0,0.0,0.0,0.0,0.0,0.0,0.0,0.0,0.0,0.0,0.0,0.0,0.0,0.0,0.0,0.8743,0.0,0.0,0.0,0.88,0.0,0.8743,0.0,0.0,0.0,Beverage,0.0,0.0,0.8743
White House,ginger ale,0.0,0.0,0.0,0.0,0.0,0.0,0.0,0.0,0.0,0.0,0.0,0.0,0.0,0.0,0.0,0.0,0.0,0.0,0.0,0.0,0.0,0.0,0.0,0.0,0.0,0.0,0.0,0.0,0.0,0.0,Beverage,0.0,0.0,0.0
Shake,soda,0.0,0.0,0.0,0.0,0.0,0.0,0.0,0.0,0.0,0.0,0.0,0.0,0.0,0.0,0.0,0.0,0.0,0.0,0.0,0.0,0.0,0.0,0.0,0.0,0.0,0.0,0.0,0.0003375113,0.0,0.0,Beverage,0.0,0.0,0.0
#Rock,ginger ale,0.0,0.0,0.2235,0.0,0.0,0.0,0.0,0.0,0.0,0.0,0.0,0.0,0.0,0.0,0.0,0.0,0.0,0.0,0.0,0.0,0.0,0.0,0.0,0.0,0.0,0.0,0.0,0.0,0.0,0.0,Beverage,0.0,0.0,0.0
#svsfinejewelry,ginger ale,0.0,0.0,0.0,0.0,0.0,0.0,0.0,0.0,0.0,0.0,0.0,0.0,0.0,0.0,0.0,0.0,0.0,0.0,0.0,0.0,0.8443,0.0,0.0,0.0,0.0,0.0,0.0,0.0,0.0,0.0,Beverage,0.0,0.0,0.8443
@RootdHealth,soda,0.0,0.0,0.0,0.0,0.0,0.0,0.0,0.0,0.0,0.0,0.0,0.0,0.0,0.0,0.0,0.0,0.0,0.0,0.0,0.0,0.0,0.0,0.0,0.0,0.0,0.0,0.0,0.0,0.68,0.0,Beverage,0.0,0.0,0.0
Japanese,soda,0.0,0.0,0.0,0.0,0.0,0.0,0.0,0.0,0.0,0.0,0.0,0.0,0.0,0.0,0.0,0.0,0.0,0.0,0.0,0.0,0.0,0.0,0.0,0.0,-0.5411,0.0,0.0,0.0,0.0,0.0,Beverage,0.0,0.0,0.0
Ice Cream,soda,0.0,0.0,0.0,0.0,0.0,0.0,0.0,0.0,0.0,0.0,0.0,0.0,0.0,0.0,0.0,0.0,0.0,0.0,0.0,0.0,0.0,0.0,0.0,0.0,0.0,0.0,0.0,0.8388,0.0,0.0,Beverage,0.0,0.0,0.0
#MarchMadness,tonic,0.0,0.0,0.0,0.0,0.0,0.0,0.0,0.0,0.0,0.0,0.0,0.0,0.0,0.0,0.5106,0.0,0.0,0.0,0.0,0.0,0.0,0.0,0.0,0.0,0.0,0.0,0.0,0.0,0.0,0.0,Beverage,0.0,0.0,0.0
Garnish,soda,0.0,0.0,0.0,0.0,0.0,0.0,0.9599,0.0,0.0,0.0,0.0,0.0,0.0,0.0,0.0,0.0,0.0,0.0,0.0,0.0,0.0,0.0,0.0,0.0,0.0,0.0,0.0,0.0,0.0,0.0,Beverage,0.0,0.0,0.0
@GFuelEnergy,soda,0.0,0.0,0.0,0.0,0.0,0.0,0.0,0.0,0.0,0.0,0.0,0.0,0.0,0.0,0.0,0.0,0.0,-0.7351,0.0,0.0,0.0,0.0,0.0,0.0,0.0,0.0,0.0,0.0,0.0,0.0,Beverage,0.0,0.0,0.0
#imnotchubby,ginger ale,0.0,0.0,0.0,0.0,0.0,0.0,0.0,0.0,0.0,0.0,0.431,0.0,0.0,0.0,0.0,0.0,0.0,0.0,0.0,0.0,0.0,0.0,0.0,0.0,0.0,0.0,0.0,0.0,0.0,0.0,Beverage,0.0,0.0,0.0
#designinspo,ginger ale,0.0,0.0,0.0,0.0,0.0,0.0,0.0,0.0,0.0,0.0,0.0,0.0,0.0,0.0,0.0,0.0,0.0,0.0,0.0,0.0,0.7263,0.0,0.0,0.0,0.0,0.0,0.0,0.0,0.0,0.0,Beverage,0.0,0.0,0.7263
#drummer,ginger ale,0.0,0.0,0.0,0.0,0.0,0.0,0.0,0.0,0.0,0.0,0.0,0.0,0.0,0.0,0.0,0.0,0.0,0.0,0.0,0.0,0.5067,0.0,0.0,0.0,0.0,0.0,0.0,0.0,0.0,0.0,Beverage,0.0,0.0,0.5067
#Memories,ginger ale,0.0,0.0,0.875,0.0,0.0,0.0,0.0,0.0,0.0,0.0,0.0,0.0,0.0,0.0,0.0,0.0,0.0,0.0,0.0,0.0,0.0,0.0,0.0,0.0,0.0,0.0,0.0,0.0,0.0,0.0,Beverage,0.0,0.0,0.0
Strong,ginger ale,0.0,0.0,0.0,0.0,0.0,0.0,0.0,0.0,0.0,0.0,0.0,0.0,0.0,0.0,0.0,0.0,0.0,0.0,0.0,0.0,0.0,0.0,0.0,0.0,0.0,0.0,0.0,0.5574,0.0,0.0,Beverage,0.0,0.0,0.0
Hot,soda,0.0,0.0,0.0,0.0,0.0,0.0,0.0,0.0,0.0,0.0,0.0,0.0,0.0,0.0,0.0,0.0,0.0,0.636,0.0,0.0,0.0,0.0,0.0,0.0,0.0,0.0,0.0,0.0,0.0,0.0,Beverage,0.0,0.0,0.0
Squash,tonic,0.0,0.0,0.0,0.0,0.0,0.0,0.0,0.0,0.0,0.0,0.0,0.0,-0.4559,0.0,0.0,0.0,0.0,0.0,0.0,0.0,0.0,0.0,0.0,0.0,0.0,0.0,0.0,0.0,0.0,0.0,Beverage,0.0,0.0,0.0
Spindrift,soda,0.296,0.0,0.0,0.0,0.0,0.0,0.0,0.0,0.0,0.0,0.0,0.0,0.0,0.0,0.0,0.0,0.0,0.0,0.0,0.0,0.0,0.0,0.0,0.0,0.0,0.0,0.0,0.0,0.0,0.0,Beverage,0.0,0.296,0.0
Caffeine,tonic,0.0,0.0,0.0,0.0,0.0,0.0,0.0,-0.6249,0.0,0.0,0.0,0.0,0.0,0.0,0.0,0.0,0.0,0.0,0.0,0.0,0.0,0.0,0.0,0.0,0.0,0.0,0.0,0.0,0.0,0.0,Beverage,0.0,0.0,0.0
#minigolf,ginger ale,0.0,0.0,0.0,0.0,0.0,0.0,0.0,0.0,0.0,0.0,0.6103,0.0,0.0,0.0,0.0,0.0,0.0,0.0,0.0,0.0,0.0,0.0,0.0,0.0,0.0,0.0,0.0,0.0,0.0,0.0,Beverage,0.0,0.0,0.0
Vodka,ginger ale,0.0772,0.0,0.0,0.0,0.0,0.0,0.0,0.0,0.0,0.0,0.0,0.0,0.0,0.0,0.0,0.0,0.0,0.0,0.0,0.0,0.0,0.0,0.0,0.0,0.0,0.0,0.0,0.0,0.0,0.0,Beverage,0.0,0.0772,0.0
Human,soda,0.0,0.0,0.0,0.0,0.0,0.0,0.0,0.0,0.0,0.0,0.0,0.0,0.0,0.0,0.0,0.0,0.0,0.0,0.0,0.0,0.937,0.0,0.0,0.0,0.0,0.0,0.0,0.0,0.0,0.0,Beverage,0.0,0.0,0.937
Ice,tonic,0.0,0.0,0.0,0.0,0.0,0.0,0.0,0.0,0.0,0.0,0.0,0.0,0.0,0.0,0.0,0.0,0.0,0.6249,0.0,0.0,0.0,0.0,0.0,0.0,0.0,0.0,0.0,0.0,0.0,0.0,Beverage,0.0,0.0,0.0
#Angular,tonic,0.0,0.0,0.0,0.0,0.0,0.0,0.0,0.0,0.0,0.0,0.0,0.0,0.0,0.0,0.0,0.0,0.0,0.0,0.0,0.0,0.0,0.0,0.0,0.0,0.0,0.0,0.0,0.0,0.6369,0.0,Beverage,0.0,0.0,0.0
Sake,ginger ale,0.0,0.6249,0.0,0.0,0.0,0.0,0.0,0.0,0.0,0.0,0.0,0.0,0.0,0.0,0.0,0.0,0.0,0.0,0.0,0.0,0.0,0.0,0.0,0.0,0.0,0.0,0.0,0.0,0.0,0.0,Beverage,0.0,0.0,0.0
#MyGlassworks,ginger ale,0.0,0.0,0.0,0.0,0.0,0.0,0.0,0.0,0.0,0.0,0.0,0.0,0.0,0.0,0.0,0.0,0.0,0.0,0.0,0.0,0.0,0.0,0.0,0.0,0.0,0.0,0.0,0.0,0.0,0.0,Beverage,0.0,0.0,0.0
@ETEAKI_T,ginger ale,0.0,0.0,0.0,0.0,0.0,0.0,0.0,0.0,0.0,0.0,0.0,0.0,0.0,0.0,0.0,0.0,0.0,0.0,0.0,0.0,0.0,0.0,0.0,0.0,0.0,0.0,0.636,0.0,0.0,0.0,Beverage,0.0,0.0,0.0
#BunsOut,tonic,0.0,0.0,0.0,0.0,0.0,0.0,0.0,0.0,0.0,0.0,0.0,0.0,0.0,0.0,0.0,0.0,0.0,0.0,0.0,0.0,0.0,0.5267,0.0,0.0,0.0,0.0,0.0,0.0,0.0,0.0,Beverage,0.0,0.0,0.0
Tortellini,ginger ale,0.0,0.0,0.0,0.0,0.0,0.0,0.0,0.0,0.0,0.0,0.0,0.0,0.0,0.0,0.0,0.0,0.0,0.0,0.0,0.0,0.0,-0.5719,0.0,0.0,0.0,0.0,0.0,0.0,0.0,0.0,Beverage,0.0,0.0,0.0
Mustard,soda,0.0,0.0,0.0,0.0,0.0,0.0,0.0,0.0,0.0,0.0,0.0,0.0,0.0,0.0,0.0,0.0,0.0,0.0,0.0,0.0,0.0,0.0,0.0,0.0,0.0,0.0,0.8743,0.0,0.0,0.0,Beverage,0.0,0.0,0.0
#fizzydrink,soda,0.0,0.0,0.0,0.0,0.0,0.0,0.0,0.0,0.0,0.0,0.0,0.0,0.0,0.0,0.0,0.0,0.0,0.0,0.0,0.0,0.937,0.0,0.0,0.0,0.0,0.0,0.0,0.0,0.0,0.0,Beverage,0.0,0.0,0.937
#food,ginger ale,0.0,0.0,0.0,0.0,0.0,0.0,0.0,0.0,0.0,0.0,0.6103,0.0,0.0,0.0,0.0,0.0,0.0,0.0,0.0,0.0,0.0,0.0,0.0,0.0,0.0,0.0,0.0,0.0,0.0,0.0,Beverage,0.0,0.0,0.0
Dr. Pepper,soda,0.0,0.0,0.0,0.0,0.3911,0.0,0.0,0.0,0.0,0.0,0.0,0.0,0.0,0.0,0.0,0.0,0.0,0.0,0.0,0.0,0.0,0.0,0.0,0.0,0.0,0.0,0.0,0.0,0.0,0.0,Beverage,0.0,0.0,0.0
#beer,ginger ale,0.0,0.0,0.0,0.0,0.0,0.0,0.0,0.0,0.0,0.0,0.6103,0.0,0.0,0.0,0.0,0.0,0.0,0.0,0.0,0.0,0.0,0.0,0.0,0.0,0.0,0.0,0.0,0.0,0.0,0.0,Beverage,0.0,0.0,0.0
Flavoring,ginger ale,0.0,0.0,0.0,0.0,0.0,0.0,0.0,0.0,0.0,0.0,0.0,0.0,0.0,0.0,0.0,0.0,0.0,0.0,0.0,0.0,0.0,0.0,0.0,0.0,0.0,0.0,0.0,0.0,0.0,0.0,Beverage,0.0,0.0,0.0
#DrizzyBanCo,ginger ale,0.0,0.0,0.0,0.0,0.0,0.0,0.0,0.0,0.0,0.0,0.0,0.0,0.0,0.0,0.0,0.0,0.0,0.0,0.0,0.0,0.802,0.0,0.0,0.0,0.0,0.0,0.0,0.0,0.0,0.0,Beverage,0.0,0.0,0.802
Bean,soda,0.0,0.0,0.0,0.0,0.0,0.0,0.0,0.0,0.0,0.0,0.0,0.0,0.0,0.0,0.0,0.0,0.0,0.0,0.0,0.0,0.0,0.0,0.0,0.0,0.0,0.0,0.0,0.0,0.0,0.0,Beverage,0.0,0.0,0.0
#wintersover,tonic,0.0,0.0,0.0,0.0,0.0,0.0,0.0,0.0,0.0,0.0,0.0,0.0,0.0,0.0,0.0,0.0,0.0,0.0,0.0,0.0,0.0,0.0,0.0,0.0,0.0,0.0,0.0,0.0,0.0,0.0,Beverage,0.0,0.0,0.0
Vodka,soda,0.0,0.0,0.0,0.0,0.0,0.0,0.8807,0.0,0.0,0.0,0.0,0.0,0.0,0.0,0.0,0.0,0.0,0.0,0.0,0.0,0.0,0.0,0.0,0.0,0.0,0.0,0.0,0.296,0.0,0.0,Beverage,0.0,0.0,0.0
@YouTube,ginger ale,0.0,0.0,0.4215,0.0,0.0,0.0,0.0,0.0,0.0,0.0,0.0,0.0,0.0,0.0,0.0,0.0,0.0,0.0,0.0,0.0,0.0,0.0,0.0,0.0,0.0,0.0,0.0,0.0,0.0,0.0,Beverage,0.0,0.0,0.0
#mojito,soda,0.0,0.0,0.0,0.0,0.0,0.0,0.9599,0.0,0.0,0.0,0.0,0.0,0.0,0.0,0.0,0.0,0.0,0.0,0.0,0.0,0.0,0.0,0.0,0.0,0.0,0.0,0.0,0.0,0.0,0.0,Beverage,0.0,0.0,0.0
Juice,ginger ale,0.0,0.0,0.0,0.0,0.0,0.0,0.0,0.0,0.0,0.0,0.0,0.0,0.0,0.0,0.0,-0.7964,0.0,0.0,0.0,0.0,0.0,0.0,0.0,0.0,0.0,0.0,0.0,0.0,0.0,0.0,Beverage,0.0,0.0,0.0
@pepsi,ginger ale,0.0,0.0,0.0,0.0,0.0,0.0,0.0,0.0,0.0,0.0,0.626,0.0,0.0,0.0,0.0,0.0,0.0,0.0,0.0,0.0,0.0,0.0,0.0,0.0,0.0,0.0,0.0,0.0,0.0,0.0,Beverage,0.0,0.0,0.0
Large,ginger ale,0.0,0.0,0.0,0.0,0.0,0.0,0.0,0.0,0.0,0.0,0.0,0.0,0.0,0.0,0.0,0.0,0.0,0.0,0.0,0.0,0.0,0.0,0.0,0.0,0.0,0.0,0.0,0.0,0.0,0.0,Beverage,0.0,0.0,0.0
@TooManyZooz,ginger ale,0.0,0.783,0.0,0.0,0.0,0.0,0.0,0.0,0.0,0.0,0.0,0.0,0.0,0.0,0.0,0.0,0.0,0.0,0.0,0.0,0.0,0.0,0.0,0.0,0.0,0.0,0.0,0.0,0.0,0.0,Beverage,0.0,0.0,0.0
#weworksummercamp,ginger ale,0.0,0.0,0.0,0.0,0.0,0.0,0.0,0.0,0.0,0.0,0.0,0.0,0.0,0.0,0.0,0.0,0.0,0.0,0.0,0.0,0.0,0.0,0.0,0.0,0.0,0.0,0.0,0.0,0.0,0.0,Beverage,0.0,0.0,0.0
Lime,soda,0.0,0.0,0.0,0.0,0.0,0.0,0.0,0.0,0.0,0.0,0.0,0.0,0.0,0.0,0.0,0.0,0.0,0.0,0.0,0.0,0.0,0.0,0.0,0.0,0.0,0.0,0.0,0.296,0.0,0.0,Beverage,0.0,0.0,0.0
@SherwoodChurch,ginger ale,0.0,0.0,0.0,0.0,0.0,0.0,0.0,0.0,0.0,0.0,0.0,0.0,0.0,0.0,0.0,0.0,0.0,0.0,0.0,0.0,0.7964,0.0,0.0,0.0,0.0,0.0,0.0,0.0,0.0,0.0,Beverage,0.0,0.0,0.7964
#hello#Liveme,ginger ale,0.0,0.0,0.0,0.0,0.0,0.0,0.0,0.0,0.0,0.0,0.0,0.0,0.0,0.0,0.0,0.0,0.0,0.0,0.0,0.0,0.0,0.0,0.0,0.0,0.0,0.0,0.0,0.0,0.0,0.0,Beverage,0.0,0.0,0.0
Soup,ginger ale,0.0,0.0,0.0,0.2023,0.0,0.0,0.0,0.0,0.0,0.0,0.0,0.0,0.0,0.0,0.0,0.0,0.0,0.0,0.0,0.0,0.0,0.0,0.0,0.0,0.0,0.0,0.0,0.0,0.0,0.0,Beverage,0.0,0.0,0.0
#Relax,soda,0.0,0.0,0.0,0.0,0.0,0.0,0.0,0.0,0.0,0.0,0.0,0.0,0.0,0.0,0.0,0.0,0.0,0.4404,0.0,0.0,0.0,0.0,0.0,0.0,0.0,0.0,0.0,0.0,0.0,0.0,Beverage,0.0,0.0,0.0
Cold Water,ginger ale,0.0,0.0,0.0,0.0,0.0,0.0,0.0,0.0,0.0,0.0,0.0,0.0,0.0,0.0,0.0,0.0,-0.0772,0.0,0.0,0.0,0.0,0.0,0.0,0.0,0.0,0.0,0.0,0.0,0.0,0.0,Beverage,0.0,0.0,0.0
Bread,soda,0.0,0.0,0.0,0.0,0.0,0.0,0.0,0.0,0.0,0.0,0.0,0.0,0.0,0.0,0.0,0.0,0.0,0.0,0.0,0.0,0.0,0.0,0.0,0.0,0.0,0.0,0.0,0.0,0.0,0.0,Beverage,0.0,0.0,0.0
Jack,ginger ale,0.0,0.0,0.0,0.0,0.0,0.0,0.0,0.0,0.0,0.0,0.0,0.0,0.0,0.0,0.0,0.0,0.0,0.0,0.0,0.0,0.0,0.0,0.0,0.0,0.0,0.0,0.636,0.0,0.0,0.0,Beverage,0.0,0.0,0.0
Toasted,soda,0.0,0.0,0.0,0.0,0.0,0.0,0.0,0.0,0.0,0.0,0.0,0.0,0.0,0.0,0.0,0.0,0.0,0.0,0.0,0.0,0.937,0.0,0.0,0.0,0.0,0.0,0.0,0.0,0.0,0.0,Beverage,0.0,0.0,0.937
#RefreshingByNature,soda,0.0,0.0,0.0,0.0,0.0,0.0,0.0,0.0,0.0,0.0,0.0,0.0,0.0,0.0,0.7574,0.0,0.0,0.0,0.0,0.0,0.0,0.0,0.0,0.0,0.0,0.0,0.0,0.0,0.0,0.0,Beverage,0.0,0.0,0.0
Tuna,ginger ale,0.0,0.0,0.0,0.0,0.0,0.0,0.0,0.0,0.0,0.0,0.0,0.0,0.0,0.0,0.0,0.0,0.0,0.0,0.0,0.0,0.0,0.0,0.0,0.0,0.0,-0.4019,0.0,0.0,0.0,0.0,Beverage,0.0,0.0,0.0
#Live,ginger ale,0.0,0.0,0.0,0.0,0.0,0.0,0.0,0.0,0.0,0.0,0.0,0.0,0.0,0.0,0.0,0.0,0.0,0.0,0.0,0.0,0.0,0.0,0.0,0.0,0.0,0.0,0.0,0.0,0.0,0.0,Beverage,0.0,0.0,0.0
#vogue,ginger ale,0.0,0.0,0.0,0.0,0.0,0.0,0.0,0.0,0.0,0.0,0.0,0.0,0.0,0.0,0.0,0.0,0.0,0.0,0.0,0.0,0.0,0.0,0.0,0.0,0.0,0.0,0.0,0.0,0.0,0.0,Beverage,0.0,0.0,0.0
Sprite,ginger ale,0.0,0.0,0.0,0.0,0.0,0.0,0.0,0.0,0.0,0.0,0.3612,0.54506665,0.0,0.0,0.0,0.0,0.0,0.0,0.0,0.0,0.24080001,0.0,-0.6369,0.0,0.0,0.0,0.0,0.0,0.0,0.0,Beverage,0.0,0.0,0.24080001
#Dentist,soda,0.0,0.0,0.0,0.0,0.2263,0.0,0.0,0.0,0.0,0.0,0.0,0.0,0.0,0.0,0.0,0.0,0.0,0.0,0.0,0.0,0.0,0.0,0.0,0.0,0.0,0.0,0.0,0.0,0.0,0.0,Beverage,0.0,0.0,0.0
Biotech,ginger ale,0.0,0.0,0.0,0.0,0.0,0.0,0.0,0.0,0.0,0.0,0.0,0.0,0.0,0.0,0.0,0.0,0.0,0.0,0.0,0.0,0.0,0.0,0.0,0.0,0.0,0.0,0.0,0.0,0.0,0.0,Beverage,0.0,0.0,0.0
Fever Tree,tonic,0.0,0.0,0.0,0.0,0.0,0.0,0.0,0.0,0.0,0.0,0.0,0.0,0.0,0.0,-0.2462,0.0,0.0,0.0,0.0,0.0,0.0,0.0,0.0,0.0,0.0,0.0,0.0,0.0,0.0,0.0,Beverage,0.0,0.0,0.0
@SodaStream,soda,0.0,0.0,0.0,0.0,0.5229,0.0,0.0,0.0,0.0,0.0,0.0,0.0,0.0,0.0,0.0,0.0,0.0,0.0,0.0,0.0,0.0,0.0,0.0,0.0,0.0,0.0,0.0,0.0,0.0,0.0,Beverage,0.0,0.0,0.0
Mineral Water,soda,0.0,0.0,0.0,0.0,0.0,0.0,0.0,0.0,0.0,0.0,0.0,0.0,0.0,0.0,0.0,0.0,0.0,0.0,0.0,0.0,0.0,0.0,0.0,0.0,0.0,0.0,0.0,0.6124,0.0,0.0,Beverage,0.0,0.0,0.0
#homedecor,ginger ale,0.0,0.0,0.0,0.0,0.0,0.0,0.0,0.0,0.0,0.0,0.0,0.0,0.0,0.0,0.0,0.0,0.0,0.0,0.0,0.0,0.7263,0.0,0.0,0.0,0.0,0.0,0.0,0.0,0.0,0.0,Beverage,0.0,0.0,0.7263
#Oldies,ginger ale,0.0,0.0,0.2235,0.0,0.0,0.0,0.0,0.0,0.0,0.0,0.0,0.0,0.0,0.0,0.0,0.0,0.0,0.0,0.0,0.0,0.0,0.0,0.0,0.0,0.0,0.0,0.0,0.0,0.0,0.0,Beverage,0.0,0.0,0.0
Rye Bread,soda,0.0,0.0,0.0,0.0,0.0,0.0,0.0,0.0,0.0,0.0,0.0,0.0,0.0,0.0,0.0,0.0,0.0,0.0,0.0,0.0,0.0,0.0,0.0,0.0,0.0,0.0,0.0,0.0,0.0,0.0,Beverage,0.0,0.0,0.0
#spanishgin,tonic,0.0,0.0,0.0,0.0,0.0,0.0,0.0,0.0,0.0,0.0,0.0,0.0,0.0,0.0,0.0,0.0,0.0,0.0,0.0,0.0,0.0,0.0,0.0,0.0,0.0,0.0,0.0,0.0,0.0,0.0,Beverage,0.0,0.0,0.0
#gin,tonic,0.0,0.0,0.0,0.0,0.0,0.0,0.0,0.0,0.0,0.0,0.0,0.0,0.0,0.0,0.0,0.0,0.0,0.0,0.0,0.0,0.0,0.0,0.0,0.0,0.0,0.0,0.0,0.0,0.0,0.0,Beverage,0.0,0.0,0.0
Shake,ginger ale,-0.2263,0.0,0.0,0.0,0.0,0.0,0.0,0.0,0.0,0.0,0.0,0.0,0.0,0.0,0.0,0.0,0.0,0.0,0.0,0.0,0.0,0.0,0.0,0.0,0.0,0.0,0.0,0.0,0.0,0.0,Beverage,0.0,-0.2263,0.0
Coke,soda,0.0,0.0,0.0,0.0,0.0,0.0,0.0,0.0,0.0,0.0,0.0,0.0,0.0,0.0,0.0,0.0,0.0,-0.34,0.0,0.0,0.0,0.0,0.0,0.0,0.0,0.0,0.0,0.8687,0.0,0.0,Beverage,0.0,0.0,0.0
#flavors,ginger ale,0.0,0.0,0.0,0.0,0.0,0.0,0.0,0.0,0.0,0.0,0.0,0.0,0.0,0.0,0.0,0.0,0.0,0.0,0.0,0.0,0.0,0.0,0.0,0.0,0.0,0.0,0.0,0.0,0.0,0.0,Beverage,0.0,0.0,0.0
#Etsy,ginger ale,0.0,0.0,0.0,0.0,0.0,0.0,0.0,0.0,0.0,0.0,0.0,0.0,0.0,0.0,0.0,0.0,0.0,0.0,0.0,0.0,0.0,0.0,0.0,0.0,0.0,0.0,0.0,0.0,0.0,0.0,Beverage,0.0,0.0,0.0
#beverage,soda,0.0,0.0,0.0,0.0,0.0,0.0,0.9599,0.0,0.0,0.0,0.0,0.0,0.0,0.0,0.0,0.0,0.0,0.0,0.0,0.0,0.0,0.0,0.0,0.0,0.0,0.0,0.0,0.0,0.0,0.0,Beverage,0.0,0.0,0.0
#CLGWIN,soda,0.0,0.0,0.0,0.0,0.0,0.0,0.0,0.0,0.0,0.0,0.0,0.0,0.0,0.0,0.0,0.0,0.0,0.0,0.0,0.0,0.0,0.0,0.0,0.0,0.0,0.0,0.0,0.0,0.0,0.0,Beverage,0.0,0.0,0.0
Cold,ginger ale,0.0,0.0,0.0,0.7096,0.0,0.0,0.0,0.0,0.0,0.0,0.0,0.8176,0.0,0.0,0.0,0.0,0.0,0.0,0.0,0.0,0.0,-0.5719,0.0,0.0,0.0,0.0,0.0,0.0,0.0,0.0,Beverage,0.0,0.0,0.0
#giveaway,soda,0.0,0.0,0.0,0.0,0.0,0.0,0.0,0.0,0.0,0.0,0.0,0.0,0.0,0.0,0.0,0.0,0.0,0.0,0.0,0.0,0.0,0.0,0.0,0.0,0.0,0.0,0.0,0.0,0.68,0.0,Beverage,0.0,0.0,0.0
Cola,ginger ale,0.0,0.0,0.0,-0.2598,0.0,0.0,0.0,0.0,0.0,0.0,0.0,0.0,0.0,0.1007,0.0,0.0,0.0,0.0,0.0,0.0,0.0,0.0,0.0,0.0,0.0,0.0,0.0,0.0,0.0,0.0,Beverage,0.0,0.0,0.0
@DoubleDutchMix,tonic,0.0,0.0,0.0,0.0,0.0,0.0,0.0,0.0,0.0,0.0,0.0,0.0,0.0,0.0,0.0,0.0,0.0,0.0,0.0,0.0,0.0,0.0,0.0,0.0,0.0,0.8832,0.0,0.0,0.0,0.0,Beverage,0.0,0.0,0.0
Lemonade,soda,0.0,0.0,0.0,0.0,0.0,0.0,0.9599,0.0,0.0,0.0,0.0,0.0,0.0,0.0,0.0,0.0,0.0,0.0,0.0,0.0,0.0,0.0,0.0,0.0,0.0,0.0,0.0,0.0,0.0,0.0,Beverage,0.0,0.0,0.0
#ginandtonic,tonic,0.0,0.0,0.0,0.0,0.0,0.0,0.0,0.0,0.0,0.0,0.0,0.0,0.0,0.0,-0.2462,0.0,0.0,0.0,0.0,0.0,0.0,0.0,0.0,0.0,0.0,0.0,0.0,0.0,0.0,0.0,Beverage,0.0,0.0,0.0
Wine,ginger ale,0.0,0.0,0.0,0.7096,0.0,0.0,0.0,0.0,0.0,0.0,0.6103,0.0,0.0,0.0,0.0,0.0,0.0,0.0,0.0,0.0,0.0,0.0,0.0,0.0,0.0,0.0,0.0,0.0,0.0,0.0,Beverage,0.0,0.0,0.0
@raemack2488,ginger ale,0.0,0.0,0.0,0.0,0.0,0.0,0.0,0.0,0.0,0.0,0.4215,0.0,0.0,0.0,0.0,0.0,0.0,0.0,0.0,0.0,0.0,0.0,0.0,0.0,0.0,0.0,0.0,0.0,0.0,0.0,Beverage,0.0,0.0,0.0
@altamc,tonic,0.0,0.0,0.0,0.0,0.0,0.0,0.0,0.0,0.0,0.0,0.0,0.0,0.0,0.0,0.0,0.0,0.0,0.0,0.0,0.0,0.0,0.5267,0.0,0.0,0.0,0.0,0.0,0.0,0.0,0.0,Beverage,0.0,0.0,0.0
#tiqaportland,tonic,0.0,0.0,0.0,0.0,0.0,0.0,0.0,0.0,0.0,0.0,0.0,0.0,0.0,0.0,-0.2462,0.0,0.0,0.0,0.0,0.0,0.0,0.0,0.0,0.0,0.0,0.0,0.0,0.0,0.0,0.0,Beverage,0.0,0.0,0.0
@leopfollowme,ginger ale,0.0,0.783,0.0,0.0,0.0,0.0,0.0,0.0,0.0,0.0,0.0,0.0,0.0,0.0,0.0,0.0,0.0,0.0,0.0,0.0,0.0,0.0,0.0,0.0,0.0,0.0,0.0,0.0,0.0,0.0,Beverage,0.0,0.0,0.0
@schweppes,tonic,0.0,0.0,-0.5106,0.0,0.0,0.0,0.0,0.0,0.0,0.0,0.0,0.0,0.0,0.0,0.0,0.0,0.0,0.0,0.0,0.0,0.0,0.0,0.0,0.0,0.0,0.0,0.0,0.0,0.0,0.0,Beverage,0.0,0.0,0.0
Ice,soda,0.0,0.0,0.0,0.0,0.0,0.0,0.0,0.0,0.0,0.0,0.0,0.0,0.0,0.0,0.0,0.0,0.0,0.0,0.0,0.0,0.0,0.0,0.0,0.0,0.0,0.0,0.0,0.0,0.0,0.0,Beverage,0.0,0.0,0.0
@phillipsbeer,soda,0.0,0.0,0.0,0.0,0.0,0.0,0.0,0.0,0.0,0.0,0.0,0.0,0.0,0.0,0.0,0.0,0.0,0.636,0.0,0.0,0.0,0.0,0.0,0.0,0.0,0.0,0.0,0.0,0.0,0.0,Beverage,0.0,0.0,0.0
Lemonade,ginger ale,0.0,0.0,0.0,0.0,0.0,0.0,0.0,0.0,0.0,0.0,0.0,0.0,0.0,0.0,0.0,0.0,0.0,0.0,0.26126668,0.0,0.0,0.0,0.0,0.0,0.0,0.0,0.0,0.0,0.0,0.0,Beverage,0.26126668,0.0,0.0
Bean Soup,soda,0.0,0.0,0.0,0.0,0.0,0.0,0.0,0.0,0.0,0.0,0.0,0.0,0.0,0.0,-0.34,0.0,0.0,0.0,0.0,0.0,0.0,0.0,0.0,0.0,0.0,0.0,0.0,0.0,0.0,0.0,Beverage,0.0,0.0,0.0
#chairmansreserve,tonic,0.0,0.0,0.0,0.0,0.0,0.0,0.0,0.0,0.0,0.0,0.0,0.0,0.0,0.0,0.0,0.0,0.0,0.0,0.0,0.0,0.0,0.0,0.0,0.0,0.0,0.8832,0.0,0.0,0.0,0.0,Beverage,0.0,0.0,0.0
Frozen,ginger ale,0.0,0.0,0.0,0.0,0.0,0.0,0.0,0.0,0.0,0.0,0.0,0.0,0.0,0.0,0.0,0.0,0.0,0.0,0.0,0.0,0.0,0.0,0.0,0.0,0.0,0.0,0.0,0.0,0.0,0.0,Beverage,0.0,0.0,0.0
#Twitter,ginger ale,0.0,0.0,0.0,0.0,0.0,0.0,0.0,0.0,0.0,0.0,0.0,0.0,0.0,0.0,0.0,0.0,0.0,0.0,0.0,0.0,0.0,0.0,0.0,0.0,0.0,0.0,0.0,0.0,0.0,0.0,Beverage,0.0,0.0,0.0
Tangerine,soda,0.0,0.0,0.0,0.0,0.0,0.0,0.0,0.0,0.0,0.0,0.0,0.0,0.0,0.6486,0.0,0.0,0.0,0.0,0.0,0.0,0.0,0.0,0.0,0.0,0.0,0.0,0.0,0.0,0.0,0.0,Beverage,0.0,0.0,0.0
#wellbeing,soda,0.0,0.0,0.0,0.0,0.0,0.0,0.0,0.0,0.0,0.0,0.0,0.0,0.0,0.0,0.0,0.0,0.0,0.0,0.0,0.0,0.937,0.0,0.0,0.0,0.0,0.0,0.0,0.0,0.0,0.0,Beverage,0.0,0.0,0.937
Coca Cola,ginger ale,0.0,0.658,0.0,0.0,0.0,0.0,0.0,0.0,0.0,0.0,0.0,0.0,0.0,0.0,0.0,0.0,0.0,0.0,0.0,0.0,0.0,0.7184,0.0,0.0,0.0,0.0,0.0,0.0,0.0,0.0,Beverage,0.0,0.0,0.0
#fevertree,tonic,0.0,0.0,0.0,0.0,0.0,0.0,0.0,0.0,0.0,0.0,0.0,0.0,0.0,0.0,-0.2462,0.0,0.0,0.0,0.0,0.0,0.0,0.0,0.0,0.0,0.0,0.0,0.0,0.0,0.0,0.0,Beverage,0.0,0.0,0.0
Cola,soda,0.0,0.0,0.0,0.0,0.0,0.0,0.0,0.0,0.0,0.0,0.0,0.0,0.0,0.0,0.0,0.0,0.0,-0.34,0.0,0.0,0.0,0.0,0.0,0.0,0.0,0.0,0.0,0.0,0.0,0.0,Beverage,0.0,0.0,0.0
Cake,ginger ale,0.0,0.0,0.0,0.0,0.0,0.0,0.0,0.0,0.0,0.0,0.626,0.0,0.0,0.0,0.0,0.4588,0.0,0.0,0.0,0.0,0.0,0.0,0.0,0.0,0.0,0.0,0.0,0.0,0.0,0.0,Beverage,0.0,0.0,0.0
#gingerale,ginger ale,0.0,0.0,0.0,0.0,0.0,0.0,0.0,0.0,0.0,0.0,0.3182,0.0,0.0,0.0,0.0,0.0,0.0,0.0,0.0,0.0,0.0,0.0,0.0,0.0,0.0,0.0,0.0,0.0,0.0,0.0,Beverage,0.0,0.0,0.0
Toast,tonic,0.0,0.2714,0.0,0.0,0.0,0.0,0.0,0.0,0.0,0.0,0.0,0.0,0.0,0.0,0.0,0.0,0.0,0.0,0.0,0.0,0.0,0.0,0.0,0.0,0.0,0.0,0.0,0.0,0.0,0.0,Beverage,0.0,0.0,0.0
Game,soda,0.0,0.0,0.0,0.0,0.0,0.0,0.0,0.0,0.0,0.0,0.0,0.0,0.0,0.0,0.0,0.0,0.0,0.0,0.0,0.0,0.0,0.0,0.0,0.0,0.0,-0.508,0.0,0.0,0.0,0.0,Beverage,0.0,0.0,0.0
Fructose,soda,0.5859,0.0,0.0,0.0,0.0,0.0,0.0,0.4168,0.0,0.0,0.27786666,0.0,0.0,0.0,0.0,0.0,0.0,0.0,0.0,0.0,0.0,0.0,0.0,0.0,0.6093,0.0,0.0,0.0,0.0,0.0,Beverage,0.0,0.5859,0.0
@homejobsbymom,soda,0.0,0.0,0.0,0.0,0.0,0.0,0.0,0.0,0.0,0.0,0.0,0.0,0.0,0.0,0.0,0.0,0.0,0.0,0.0,0.0,0.0,0.0,0.0,0.0,0.0,0.0,0.0,0.0,0.68,0.0,Beverage,0.0,0.0,0.0
#metal,ginger ale,0.0,0.0,0.0,0.0,0.0,0.0,0.0,0.0,0.0,0.0,0.0,0.0,0.0,0.0,0.0,0.0,0.0,0.0,0.0,0.0,0.5067,0.0,0.0,0.0,0.0,0.0,0.0,0.0,0.0,0.0,Beverage,0.0,0.0,0.5067
@8gband,ginger ale,0.0,0.0,0.0,0.0,0.0,0.0,0.0,0.0,0.0,0.0,0.0,0.0,0.0,0.0,0.0,0.0,0.0,0.0,0.0,0.0,0.5067,0.0,0.0,0.0,0.0,0.0,0.0,0.0,0.0,0.0,Beverage,0.0,0.0,0.5067
#Pepsi,ginger ale,0.0,0.0,0.0,0.0,0.0,0.0,0.0,0.0,0.0,0.0,0.0,0.0,0.0,0.0,0.0,0.0,0.0,0.0,0.0,0.0,0.0,0.0,0.0,0.0,0.0,0.0,0.0,0.0,0.0,0.0,Beverage,0.0,0.0,0.0
#supercharged,soda,0.0,0.0,0.0,0.0,0.0,0.0,0.0,0.4724,0.0,0.0,0.0,0.0,0.0,0.0,0.0,0.0,0.0,0.0,0.0,0.0,0.0,0.0,0.0,0.0,0.0,0.0,0.0,0.0,0.0,0.0,Beverage,0.0,0.0,0.0
Beans,soda,0.0,-0.7177,0.0,0.0,0.0,0.0,0.0,0.0,0.0,0.0,0.0,0.0,0.0,0.0,0.0,0.0,0.0,0.0,0.0,0.0,0.0,0.0,0.0,0.0,0.0,0.0,0.0,0.0,0.0,0.0,Beverage,0.0,0.0,0.0
Grape,soda,0.0,0.0,0.0,0.0,0.0,0.0,0.0,0.0,0.0,0.0,0.0,0.0,0.0,0.0,0.0,0.0,0.0,0.0,0.0,0.0,0.0,0.0,0.0,0.0,0.0,0.0,0.0,0.3612,0.0,0.0,Beverage,0.0,0.0,0.0
Mint,soda,0.0,0.0,0.0,0.0,0.0,0.0,0.9599,0.0,0.0,0.0,0.0,0.0,0.0,0.0,0.0,0.0,0.0,0.0,0.0,0.0,0.0,0.0,0.0,0.0,0.0,0.0,0.0,0.0,0.0,0.0,Beverage,0.0,0.0,0.0
#coldbrew,soda,0.0,0.0,0.0,0.0,0.0,0.0,0.0,0.4724,0.0,0.0,0.0,0.0,0.0,0.0,0.0,0.0,0.0,0.0,0.0,0.0,0.0,0.0,0.0,0.0,0.0,0.0,0.0,0.0,0.0,0.0,Beverage,0.0,0.0,0.0
#design,ginger ale,0.0,0.0,0.0,0.0,0.0,0.0,0.0,0.0,0.0,0.0,0.0,0.0,0.0,0.0,0.0,0.0,0.0,0.0,0.0,0.0,0.7263,0.0,0.0,0.0,0.0,0.0,0.0,0.0,0.0,0.0,Beverage,0.0,0.0,0.7263
#np,ginger ale,0.0,0.0,0.0,0.0,0.0,0.0,0.0,0.0,0.0,0.0,0.0,0.0,0.0,0.0,0.0,0.0,0.0,0.0,0.0,0.0,0.0,0.0,0.0,0.0,0.0,0.0,0.0,0.0,0.0,0.0,Beverage,0.0,0.0,0.0
Provolone Cheese,soda,0.0,0.0,0.0,0.0,0.0,0.0,0.0,0.0,0.0,0.0,0.0,0.0,0.0,0.0,0.0,0.0,0.0,0.0,0.0,0.0,0.8743,0.0,0.0,0.0,0.88,0.0,0.0,0.0,0.0,0.0,Beverage,0.0,0.0,0.8743
Rum,ginger ale,0.0,-0.4391,0.0,0.0,0.0,0.0,0.0,0.0,0.0,0.0,0.0,0.0,0.0,0.0,0.0,0.0,0.0,0.0,0.0,0.0,0.0,0.0,0.0,0.0,0.0,0.0,0.0,0.0,0.0,0.0,Beverage,0.0,0.0,0.0
Lemon,ginger ale,0.0,0.0,0.0,0.2023,0.0,0.0,0.0,0.0,0.0,0.0,0.0,0.8176,0.0,0.0,0.0,0.0,0.0,0.0,0.0,0.0,0.0,0.0,0.0,0.0,0.0,0.0,0.0,0.0,0.0,0.0,Beverage,0.0,0.0,0.0
Soda,ginger ale,0.0,0.0,0.0,0.0,0.0,0.0,0.0,0.0,0.0,0.0,0.3612,0.5954,0.0,0.0,0.0,0.0,0.0,0.0,-0.22746666,0.0,0.0,0.0,0.0,0.0,0.0,0.0,0.0,0.0,0.0,0.0,Beverage,-0.22746666,0.0,0.0
Fried Eggs,soda,0.0,0.0,0.0,0.0,0.0,0.0,0.0,0.0,0.0,0.0,0.0,0.0,0.0,0.0,0.0,0.0,0.0,0.0,0.0,0.0,0.0,0.0,0.0,0.0,0.88,0.0,0.0,0.0,0.0,0.0,Beverage,0.0,0.0,0.0
#shame,tonic,0.0,0.0,0.0,0.0,0.0,0.0,0.0,0.0,0.0,-0.8591,0.0,0.0,0.0,0.0,0.0,0.0,0.0,0.0,0.0,0.0,0.0,0.0,0.0,0.0,0.0,0.0,0.0,0.0,0.0,0.0,Beverage,0.0,0.0,0.0
Rum,tonic,0.0,0.0,0.0,0.0,0.0,0.0,0.0,0.0,0.0,0.0,0.0,0.0,0.0,0.0,0.0,0.0,0.0,0.0,0.0,0.0,0.0,0.0,0.0,0.0,0.0,0.8832,0.0,0.0,0.0,0.0,Beverage,0.0,0.0,0.0
@healthline,soda,0.0,0.0,0.0,0.0,-0.1531,0.0,0.0,0.0,0.0,0.0,0.0,0.0,0.0,0.0,0.0,0.0,0.0,0.0,0.0,0.0,0.0,0.0,0.0,0.0,0.0,0.0,0.0,0.0,0.0,0.0,Beverage,0.0,0.0,0.0
#nowplaying,tonic,0.0,0.0,0.0,0.0,0.0,0.0,0.0,0.0,0.0,0.0,0.0,0.0,0.0,0.0,0.0,0.0,0.0,0.0,0.0,0.0,0.0,0.0,0.0,0.0,0.0,0.0,0.0,0.0,0.0,0.0,Beverage,0.0,0.0,0.0
#coke,ginger ale,0.0,0.0,0.0,0.0,0.0,0.0,0.0,0.0,0.0,0.0,0.4389,0.0,0.0,0.0,0.0,0.0,0.0,0.0,0.0,0.0,0.0,0.0,0.0,0.0,0.0,0.0,0.0,0.0,0.0,0.0,Beverage,0.0,0.0,0.0
#radiowithroots,tonic,0.0,0.0,0.0,0.0,0.0,0.0,0.0,0.0,0.0,0.0,0.0,0.0,0.0,0.0,0.0,0.0,0.0,0.0,0.0,0.0,0.0,0.0,0.0,0.0,0.0,0.0,0.0,0.0,0.0,0.0,Beverage,0.0,0.0,0.0
#nothanks,ginger ale,0.0,0.0,0.0,0.0,0.0,0.0,0.0,0.0,0.0,0.0,0.0,0.0,0.0,0.0,0.0,0.0,0.0,0.0,0.0,0.0,0.0,0.0,0.0,0.0,0.0,0.0,0.0,0.0,0.0,0.0,Beverage,0.0,0.0,0.0
Coke Zero,ginger ale,0.0,0.0,0.0,0.0,0.0,0.0,0.0,0.0,0.0,0.0,0.0,0.0,0.0,0.0,0.0,0.0,0.0,0.0,0.0,0.0,0.0,0.6153,0.0,0.0,0.0,0.0,0.0,0.0,0.0,0.0,Beverage,0.0,0.0,0.0
French,ginger ale,0.0,0.0,0.0,0.0,0.0,0.0,0.0,0.0,0.0,0.0,0.0,0.0,0.0,0.0,0.0,0.0,0.0,0.0,0.0,0.0,0.0,0.0,0.0,0.0,0.0,0.0,0.0,0.0,0.0,0.0,Beverage,0.0,0.0,0.0
Orange,soda,0.0,0.0,0.0,0.0,0.0,0.0,0.0,0.0,0.0,0.0,0.0,0.0,0.0,0.0,0.0,0.0,0.0,0.0,0.0,0.0,0.0,0.0,0.0,0.0,0.0,0.0,0.0,0.8074,0.0,0.9382,Beverage,0.0,0.0,0.0
Yeast,soda,0.0,0.0,0.0,0.0,0.0,0.0,0.0,0.0,0.0,0.0,0.0,0.0,0.0,0.0,0.0,0.0,0.0,0.0,0.0,0.0,0.0,0.0,0.0,0.0,0.0,0.0,0.0,0.0,0.0,0.0,Beverage,0.0,0.0,0.0
Water,tonic,0.0,0.0,0.0,0.0,0.0,0.0,0.0,0.0,0.0,0.0,0.0,0.0,0.0,0.0,0.0,0.0,0.0,0.0,0.0,0.0,0.0,0.0,0.0,0.3612,0.0,0.0,0.0,0.0,0.0,0.0,Beverage,0.0,0.0,0.0
#happiness,soda,0.0,0.0,0.0,0.0,0.0,0.0,0.0,0.0,0.0,0.0,0.0,0.0,0.0,0.0,0.0,0.0,0.0,0.0,0.0,0.0,0.937,0.0,0.0,0.0,0.0,0.0,0.0,0.0,0.0,0.0,Beverage,0.0,0.0,0.937
#icecream,tonic,0.0,0.0,0.0,0.0,0.0,0.0,0.0,0.0,0.0,0.0,0.0,0.0,0.0,0.0,0.0,0.0,0.0,0.0,-0.4574,0.0,0.0,0.0,0.0,0.0,0.0,0.0,0.0,0.0,0.0,0.0,Beverage,-0.4574,0.0,0.0
Fat,soda,0.0,0.0,0.0,0.0,0.0,0.0,-0.9499,0.0,-0.7002999,0.0,0.0,0.0,0.0,0.0,0.0,0.0,0.0,0.0,0.0,0.0,0.0,0.0,0.0,0.0,0.0,0.0,0.0,0.0,0.0,0.0,Beverage,0.0,0.0,0.0
Carbonated,soda,0.0,0.0,0.0,0.0,0.0,0.0,0.0,0.0,0.0,0.0,0.0,0.0,0.0,0.0,0.0,0.0,0.0,-0.7351,0.0,0.0,0.0,0.0,0.0,0.0,0.0,0.0,0.0,-0.6705,0.0,0.0,Beverage,0.0,0.0,0.0
Cherry,soda,0.0,0.0,0.0,0.0,0.0,0.0,0.0,0.0,0.0,0.0,0.0,0.0,0.0,0.0,0.0,0.0,0.0,0.0,0.0,0.0,0.0,0.0,0.0,0.0,0.0,0.0,0.0,0.6124,0.0,0.0,Beverage,0.0,0.0,0.0
Fresh Mint,soda,0.0,0.0,0.0,0.0,0.0,0.0,0.9599,0.0,0.0,0.0,0.0,0.0,0.0,0.0,0.0,0.0,0.0,0.0,0.0,0.0,0.0,0.0,0.0,0.0,0.0,0.0,0.0,0.0,0.0,0.0,Beverage,0.0,0.0,0.0
#demwitches,tonic,0.0,0.0,0.0,0.0,0.0,0.0,0.0,0.5719,0.0,0.0,0.0,0.0,0.0,0.0,0.0,0.0,0.0,0.0,0.0,0.0,0.0,0.0,0.0,0.0,0.0,0.0,0.0,0.0,0.0,0.0,Beverage,0.0,0.0,0.0
Sonic,ginger ale,0.0,0.0,0.0,0.0,0.0,0.0,0.0,0.0,0.0,0.0,0.0,0.0,0.0,0.0,0.0,0.0,0.0,0.0,0.0,0.0,-0.8442,0.0,0.0,0.0,0.0,0.0,0.0,0.0,0.0,0.0,Beverage,0.0,0.0,-0.8442
@AuBonPain,ginger ale,0.0,0.0,0.0,0.0,-0.633,0.0,0.0,0.0,0.0,0.0,0.0,0.0,0.0,0.0,0.0,0.0,0.0,0.0,0.0,0.0,0.0,0.0,0.0,0.0,0.0,0.0,0.0,0.0,0.0,0.0,Beverage,0.0,0.0,0.0
@WindowTrendsHI,ginger ale,0.0,0.0,0.0,0.0,0.0,0.0,0.0,0.0,0.0,0.0,0.0,0.0,0.0,0.0,0.0,0.0,0.0,0.0,0.0,0.0,0.7263,0.0,0.0,0.0,0.0,0.0,0.0,0.0,0.0,0.0,Beverage,0.0,0.0,0.7263
Creamy,ginger ale,0.0,0.0,0.0,0.0,0.0,0.0,0.0,0.0,0.0,0.0,0.0,0.0,0.0,0.0,0.0,0.4588,0.0,0.0,0.0,0.0,0.0,0.0,0.0,0.0,0.0,0.0,0.0,0.0,0.0,0.0,Beverage,0.0,0.0,0.0
Ginger,tonic,0.0,0.0,0.0,0.0,0.0,0.0,0.0,0.0,0.0,0.0,0.0,0.0,0.0,0.0,0.0,0.0,0.0,0.0,0.0,0.0,0.0,0.0,0.0,0.0,0.0,0.8832,0.0,0.0,0.0,0.0,Beverage,0.0,0.0,0.0
Mountain Dew,soda,0.0,0.0,0.0,0.0,0.3911,0.0,0.0,0.0,0.0,0.0,0.0,0.0,0.0,0.0,0.0,0.0,0.0,0.0,0.0,0.0,0.0,0.0,0.0,0.0,0.0,0.0,0.0,0.0,0.0,0.0,Beverage,0.0,0.0,0.0
#familyfun,ginger ale,0.0,0.0,0.0,0.0,0.0,0.0,0.0,0.0,0.0,0.0,0.6103,0.0,0.0,0.0,0.0,0.0,0.0,0.0,0.0,0.0,0.0,0.0,0.0,0.0,0.0,0.0,0.0,0.0,0.0,0.0,Beverage,0.0,0.0,0.0
#CherryCoke,ginger ale,0.0,0.0,0.0,0.0,0.0,0.0,0.0,0.0,0.0,0.0,0.0,0.0,0.0,0.0,0.0,0.0,0.0,0.0,0.0,0.0,0.0,0.7184,0.0,0.0,0.0,0.0,0.0,0.0,0.0,0.0,Beverage,0.0,0.0,0.0
#pop,ginger ale,0.0,0.0,0.0,0.0,0.0,0.0,0.0,0.0,0.0,0.0,0.0,0.0,0.0,0.0,0.0,0.0,0.0,0.0,0.0,0.0,0.5067,0.0,0.0,0.0,0.0,0.0,0.0,0.0,0.0,0.0,Beverage,0.0,0.0,0.5067
Strawberry,soda,0.0,0.0,0.0,0.0,0.0,0.0,0.0,0.0,0.0,0.0,0.0,0.0,0.0,0.6486,0.0,0.0,0.0,0.0,0.0,0.0,0.0,0.0,0.0,0.0,0.0,0.0,0.0,0.0,0.0,0.0,Beverage,0.0,0.0,0.0
@YouTube,soda,0.0,0.0,0.0,0.6239,0.0,0.0,0.0,0.0,0.7371,0.0,0.0,0.0,0.0,0.0,0.0,0.0,0.0,0.0,0.0,0.0,0.0,0.0,0.0,0.0,0.0,0.0,0.0,0.0,0.0,0.0,Beverage,0.0,0.0,0.0
Organic,soda,0.0,0.0,0.0,0.0,-0.4019,0.0,0.0,0.0,0.0,0.0,0.0,0.0,0.0,0.0,0.0,0.0,0.0,0.0,0.0,0.0,0.0,0.0,0.0,0.0,0.0,0.0,0.0,0.0,0.0,0.0,Beverage,0.0,0.0,0.0
@michellevisage,tonic,0.0,0.0,0.0,0.0,0.0,0.0,0.0,0.0,0.0,0.0,0.0,0.0,0.0,0.0,0.0,0.0,0.0,0.0,0.0,0.0,0.0,0.0,0.0,0.0,0.0,0.0,0.0,0.0,-0.2942,0.0,Beverage,0.0,0.0,0.0
Bacon,soda,0.0,0.0,0.0,0.0,0.0,0.0,0.0,0.0,0.0,0.0,0.0,0.0,0.0,0.0,0.0,0.0,0.0,0.0,0.0,0.0,0.0,0.0,0.0,0.0,0.0,0.0,0.0,-0.296,0.0,0.0,Beverage,0.0,0.0,0.0
Fast Food,ginger ale,0.0,0.0,0.0,0.0,0.0,0.0,0.0,0.0,0.0,0.0,0.0,0.0,0.0,0.0,0.0,0.0,0.0,0.0,0.3919,0.0,0.0,0.0,0.0,0.0,0.0,0.0,0.0,0.0,0.0,0.0,Beverage,0.3919,0.0,0.0
Rice,soda,0.0,-0.7177,0.0,0.0,0.0,0.0,0.0,0.0,0.0,0.0,0.0,0.0,0.0,0.0,0.0,0.0,0.0,0.0,0.0,0.0,0.0,0.0,0.0,0.0,0.0,0.0,0.0,0.0,0.0,0.0,Beverage,0.0,0.0,0.0
Peanut Butter,ginger ale,0.0,0.0,0.0,0.0,0.0,0.0,0.0,0.0,0.0,0.0,0.0,0.0,0.0,0.0,0.0,0.0,0.0,0.0,0.3919,0.0,0.0,0.0,0.0,0.0,0.0,0.0,0.0,0.0,0.0,0.0,Beverage,0.3919,0.0,0.0
Cheddar Cheese,soda,0.0,0.0,0.0,0.0,0.0,0.0,0.0,0.0,0.0,0.0,0.0,0.0,0.0,0.0,0.0,0.0,0.0,0.0,0.0,0.0,0.0,0.0,0.0,0.0,0.0,0.0,0.8743,0.0,0.0,0.0,Beverage,0.0,0.0,0.0
#cnn,ginger ale,0.0,0.0,0.0,0.0,0.0,0.0,0.0,0.0,0.0,0.0,0.0,0.0,0.0,0.0,0.0,0.0,0.0,0.0,0.0,0.0,0.0,0.0,0.0,0.0,0.0,0.0,0.0,0.0,0.0,0.0,Beverage,0.0,0.0,0.0
Bubly,soda,0.0,0.0,0.0,0.0,0.0,0.0,0.0,0.0,0.0,0.0,0.0,0.0,0.296,0.0,0.0,0.0,0.0,0.0,0.0,0.0,0.0,0.0,0.0,0.0,0.0,0.0,0.0,0.0,0.0,0.0,Beverage,0.0,0.0,0.0
@jonathanshank,ginger ale,0.0,0.0,0.0,0.0,0.0,0.0,0.0,0.0,0.0,0.0,0.0,0.0,0.0,0.0,0.0,0.0,0.0,0.0,0.0,0.0,0.0,0.0,0.0,0.0,0.0,0.0,0.0,0.0,0.0,0.0,Beverage,0.0,0.0,0.0
Black,tonic,0.0,0.0,0.0,0.0,0.0,0.0,0.0,0.0,0.0,0.0,0.0,0.0,0.0,0.0,0.0,0.0,0.0,0.0,-0.4574,0.0,0.0,0.0,0.0,0.0,0.0,0.0,0.0,0.0,0.0,0.0,Beverage,-0.4574,0.0,0.0
Club Soda,soda,0.0,0.0,0.0,0.0,0.0,0.0,0.0,0.0,0.0,0.0,0.0,0.0,0.0,0.0,0.0,0.0,0.0,0.0,0.0,0.0,0.0,0.0,0.0,0.0,0.0,0.0,0.0,0.0,0.0,0.0,Beverage,0.0,0.0,0.0
#happy,soda,0.0,0.0,0.0,0.0,0.0,0.0,0.0,0.0,0.0,0.0,0.0,0.0,0.0,0.0,0.0,0.0,0.0,0.0,0.0,0.0,0.937,0.0,0.0,0.0,0.0,0.0,0.0,0.0,0.0,0.0,Beverage,0.0,0.0,0.937
@mattdoeforshow,ginger ale,0.0,0.783,0.0,0.0,0.0,0.0,0.0,0.0,0.0,0.0,0.0,0.0,0.0,0.0,0.0,0.0,0.0,0.0,0.0,0.0,0.0,0.0,0.0,0.0,0.0,0.0,0.0,0.0,0.0,0.0,Beverage,0.0,0.0,0.0
@ahappyhippymom,soda,0.0,0.0,0.0,0.0,0.5229,0.0,0.0,0.0,0.0,0.0,0.0,0.0,0.0,0.0,0.0,0.0,0.0,0.0,0.0,0.0,0.0,0.0,0.0,0.0,0.0,0.0,0.0,0.0,0.0,0.0,Beverage,0.0,0.0,0.0
#Bristol,ginger ale,0.0,0.0,0.875,0.0,0.0,0.0,0.0,0.0,0.0,0.0,0.0,0.0,0.0,0.0,0.0,0.0,0.0,0.0,0.0,0.0,0.0,0.0,0.0,0.0,0.0,0.0,0.0,0.0,0.0,0.0,Beverage,0.0,0.0,0.0
#gin&tonic,tonic,0.0,0.0,0.0,0.0,0.0,0.0,0.0,0.0,0.0,0.0,0.0,0.0,0.0,0.0,0.0,0.0,0.0,0.0,0.0,0.0,0.0,0.0,0.0,0.0,0.0,0.0,0.0,0.0,0.0,0.0,Beverage,0.0,0.0,0.0
Mature,soda,0.0,0.0,0.0,0.0,0.0,0.0,0.0,0.0,0.0,0.0,0.0,0.0,0.0,0.0,0.0,0.0,0.0,0.0,0.0,0.0,0.0,0.0,0.0,0.0,0.6124,0.0,0.0,0.0,0.0,0.0,Beverage,0.0,0.0,0.0
Coke,ginger ale,0.25244,0.32374445,0.0,0.0,0.0,0.0,-0.5267,0.0,0.0,-0.4783,0.10884546,0.35325,0.0,0.49173334,0.0,-0.67689997,0.2406,0.0,0.20018183,0.0,-0.030103847,0.6705,0.0,0.3612,0.0,-0.1258,0.4239333,0.0,-0.120375,-0.3412,Beverage,0.20018183,0.25244,-0.030103847
Water,soda,0.0,0.29985005,0.0,0.0,0.0,0.0,0.0,0.876,0.0,0.0,0.0,0.0,0.0,0.0,0.7574,0.21460001,0.0,-0.5574,0.0,0.0,0.0,-0.1027,0.0,0.0,0.0,0.0,0.0,0.0152875185,0.0,0.0,Beverage,0.0,0.0,0.0
@DeepEddyVodka,soda,0.6887,0.0,0.0,0.0,0.0,0.0,0.0,0.0,0.0,0.0,0.0,0.0,0.0,0.0,0.0,0.0,0.0,0.0,0.0,0.0,0.0,0.0,0.0,0.0,0.0,0.0,0.0,0.0,0.0,0.0,Beverage,0.0,0.6887,0.0
#groove,ginger ale,0.0,0.0,0.0,0.0,0.0,0.0,0.0,0.0,0.0,0.0,0.0,0.0,0.0,0.0,0.0,0.0,0.0,0.0,0.0,0.0,0.5067,0.0,0.0,0.0,0.0,0.0,0.0,0.0,0.0,0.0,Beverage,0.0,0.0,0.5067
Cranberry Juice,ginger ale,0.0,0.0,0.0,0.0,0.0,0.0,0.0,0.0,0.0,0.0,0.0,0.0,0.0,0.0,0.0,0.0,-0.0772,0.0,0.0,0.0,0.0,0.0,0.0,0.0,0.0,0.0,0.0,0.0,0.0,0.0,Beverage,0.0,0.0,0.0
#AA2423,ginger ale,0.0,0.0,0.0,0.0,-0.633,0.0,0.0,0.0,0.0,0.0,0.0,0.0,0.0,0.0,0.0,0.0,0.0,0.0,0.0,0.0,0.0,0.0,0.0,0.0,0.0,0.0,0.0,0.0,0.0,0.0,Beverage,0.0,0.0,0.0
Revolution,ginger ale,0.0,0.0,0.0,0.0,0.0,0.0,0.0,0.0,0.0,0.0,0.0,0.0,0.0,0.0,0.0,0.0,0.0,0.0,0.0,0.0,0.0,0.0,0.0,0.0,0.0,0.0,0.0,0.0,0.0,-0.3412,Beverage,0.0,0.0,0.0
#DreBanksWorld,ginger ale,0.0,0.0,0.0,0.0,0.0,0.0,0.0,0.0,0.0,0.0,0.0,0.0,0.0,0.0,0.0,0.0,0.0,0.0,0.0,0.0,0.802,0.0,0.0,0.0,0.0,0.0,0.0,0.0,0.0,0.0,Beverage,0.0,0.0,0.802
Pear,soda,0.0,0.0,0.0,0.0,0.0,0.0,0.0,0.0,0.0,0.0,0.0,0.0,0.0,0.0,0.0,0.0,0.0,-0.7351,0.0,0.0,0.0,0.0,0.0,0.0,0.0,0.0,0.0,0.0,0.0,0.0,Beverage,0.0,0.0,0.0
#DietCoke,ginger ale,0.0,0.0,0.0,0.0,0.0,0.0,0.0,0.0,0.0,0.0,0.0,0.0,0.0,0.0,0.0,0.0,0.0,0.0,0.0,0.0,0.0,0.0,0.0,0.0,0.0,0.0,0.0,0.0,0.0,0.0,Beverage,0.0,0.0,0.0
Vanilla,ginger ale,0.0,0.0,0.0,0.0,0.0,0.0,0.0,0.0,0.0,0.0,0.0,0.0,0.0,0.0,0.0,-0.5574,0.0,0.0,0.0,0.0,0.0772,0.7184,0.0,0.0,0.0,0.0,0.0,0.0,0.0,0.0,Beverage,0.0,0.0,0.0772
#RealColumbiaSC,tonic,0.0,0.0,0.0,0.0,0.0,0.0,0.0,0.0,0.0,0.0,0.0,0.0,0.0,0.0,0.5106,0.0,0.0,0.0,0.0,0.0,0.0,0.0,0.0,0.0,0.0,0.0,0.0,0.0,0.0,0.0,Beverage,0.0,0.0,0.0
#Projects,ginger ale,0.0,0.0,0.875,0.0,0.0,0.0,0.0,0.0,0.0,0.0,0.0,0.0,0.0,0.0,0.0,0.0,0.0,0.0,0.0,0.0,0.0,0.0,0.0,0.0,0.0,0.0,0.0,0.0,0.0,0.0,Beverage,0.0,0.0,0.0
@bbcquestiontime,tonic,0.0,0.0,0.0,0.0,0.0,0.0,0.0,0.0,0.0,0.0,0.0,0.0,0.0,0.0,0.0,0.0,0.0,0.0,0.0,0.0,0.0,0.0,0.0,0.0,0.0,0.0,0.0,0.0,0.0,0.0,Beverage,0.0,0.0,0.0
#lightingdesign,ginger ale,0.0,0.0,0.0,0.0,0.0,0.0,0.0,0.0,0.0,0.0,0.0,0.0,0.0,0.0,0.0,0.0,0.0,0.0,0.0,0.0,0.7263,0.0,0.0,0.0,0.0,0.0,0.0,0.0,0.0,0.0,Beverage,0.0,0.0,0.7263
Coffee,tonic,0.0,0.0,0.0,0.0,0.0,0.0,0.0,0.0,0.0,0.0,0.0,0.0,0.0,0.0,0.0,0.0,0.0,0.0,-0.4574,0.0,0.0,0.0,0.0,0.0,0.0,0.0,0.0,0.5859,0.0,0.0,Beverage,-0.4574,0.0,0.0
Ramen,ginger ale,0.0,0.0,0.0,0.0,0.0,0.0,0.0,0.0,0.0,0.0,0.0,0.0,0.0,0.0,0.0,0.0,0.0,0.0,0.0,0.0,0.0,0.0,0.0,0.0,0.6369,0.0,0.0,0.0,0.0,0.0,Beverage,0.0,0.0,0.0
#arcade,ginger ale,0.0,0.0,0.0,0.0,0.0,0.0,0.0,0.0,0.0,0.0,0.6103,0.0,0.0,0.0,0.0,0.0,0.0,0.0,0.0,0.0,0.0,0.0,0.0,0.0,0.0,0.0,0.0,0.0,0.0,0.0,Beverage,0.0,0.0,0.0
Strawberry,ginger ale,0.0,0.0,0.0,0.0,0.0,0.0,0.0,0.0,0.0,0.0,0.0,0.0,0.0,0.0,0.0,0.0,0.0,0.0,0.0,0.0,0.0,0.0,0.0,0.0,0.0,0.0,0.0,0.0,0.0,0.0,Beverage,0.0,0.0,0.0
Seltzer,soda,0.0,0.0,0.0,0.0,0.0,0.0,0.0,0.0,0.0,0.0,0.0,0.0,0.0,0.0,0.0,0.0,0.0,0.0,0.0,0.0,0.0,0.0,0.0,0.0,0.0,0.0,0.0,-0.6705,0.0,0.0,Beverage,0.0,0.0,0.0
#artificial,ginger ale,0.0,0.0,0.0,0.0,0.0,0.0,0.0,0.0,0.0,0.0,0.0,0.0,0.0,0.0,0.0,0.0,0.0,0.0,0.0,0.0,0.0,0.0,0.0,0.0,0.0,0.0,0.0,0.0,0.0,0.0,Beverage,0.0,0.0,0.0
#music,ginger ale,0.0,0.0,0.0,0.0,0.0,0.0,0.0,0.0,0.0,0.0,0.0,0.0,0.0,0.0,0.0,0.0,0.0,0.0,0.0,0.0,0.0,0.0,0.0,0.0,0.0,0.0,0.0,0.0,0.0,0.0,Beverage,0.0,0.0,0.0
Tequila,ginger ale,0.0,0.0,0.0,0.0,0.0,0.0,0.0,0.0,0.0,0.0,0.0,0.0,0.0,0.0,0.0,0.0,0.0,0.0,0.0,0.0,0.0,0.0,0.0,0.0,0.0,0.0,0.636,0.0,0.0,0.0,Beverage,0.0,0.0,0.0
Popcorn,soda,0.0,0.0,0.0,0.0,0.0,0.0,0.0,0.0,0.0,0.0,0.0,0.0,0.0,0.0,0.0,0.0,0.0,0.0,0.0,0.0,0.0,0.0,0.0,0.0,0.0,0.0,0.0,0.0,0.0,0.0,Beverage,0.0,0.0,0.0
Latino,ginger ale,0.0,0.0,0.0,0.0,0.0,0.0,0.0,0.0,0.0,0.0,0.0,0.0,0.0,0.0,0.0,0.0,0.0,0.0,0.0,0.0,0.0,0.0,0.0,0.0,0.0,0.0,0.0,0.0,0.0,0.0,Beverage,0.0,0.0,0.0
Ears,ginger ale,0.0,0.0,0.0,0.0,0.0,0.0,0.0,0.0,0.0,0.0,0.0,0.0,0.0,0.0,0.0,0.0,0.0,0.0,0.0,0.0,0.0,0.0,-0.6369,0.0,0.0,0.0,0.0,0.0,0.0,0.0,Beverage,0.0,0.0,0.0
#whynot,soda,0.0,0.0,0.0,0.0,0.0,0.0,0.0,0.4724,0.0,0.0,0.0,0.0,0.0,0.0,0.0,0.0,0.0,0.0,0.0,0.0,0.0,0.0,0.0,0.0,0.0,0.0,0.0,0.0,0.0,0.0,Beverage,0.0,0.0,0.0
Large,tonic,0.0,0.2714,0.0,0.0,0.0,0.0,0.0,0.0,0.0,0.0,0.0,0.0,0.0,0.0,0.0,0.0,0.0,0.0,0.0,0.0,0.0,0.0,0.0,0.0,0.0,0.0,0.0,0.0,0.0,0.0,Beverage,0.0,0.0,0.0
Soda Water,tonic,0.0,0.0,-0.5106,0.0,0.0,0.0,0.0,0.0,0.0,0.0,0.0,0.0,0.0,0.0,0.0,0.0,0.0,0.0,0.0,0.0,0.0,0.0,0.0,0.0,0.0,0.0,0.0,0.0,0.0,0.0,Beverage,0.0,0.0,0.0
Juice,soda,0.0,0.6369,0.0,0.0,0.0,0.0,0.0,0.0,0.0,0.0,0.0,0.0,0.0,0.0,0.0,-0.49389997,0.0,0.0,0.0,0.0,0.0,0.0,0.0,0.0,0.0,0.0,0.0,0.3612,0.0,0.0,Beverage,0.0,0.0,0.0
Cheese,soda,0.0,0.0,0.0,0.0,0.0,0.0,0.0,0.0,0.2023,0.0,0.0,0.0,0.0,0.0,0.0,0.0,0.0,0.0,0.0,0.0,0.0,0.0,0.0,0.0,0.0,0.0,0.0,-0.296,0.0,0.0,Beverage,0.0,0.0,0.0
Vanilla,soda,0.0,0.0,0.0,0.0,0.0,0.0,0.0,0.0,0.0,0.0,0.0,0.0,0.0,0.0,0.0,0.0,0.0,0.0,0.0,0.0,0.128,0.0,0.0,0.0,0.0,0.0,0.0,0.0,0.0,0.0,Beverage,0.0,0.0,0.128
#NOTANAD,soda,0.0,0.0,0.0,0.0,0.0,0.0,0.0,0.0,0.0,0.0,0.0,0.0,0.0,0.0,0.0,0.0,0.0,0.0,0.0,0.0,0.0,0.0,0.0,0.0,0.0,0.0,0.0,0.296,0.0,0.0,Beverage,0.0,0.0,0.0
#wildfridaynight,tonic,0.0,0.2714,0.0,0.0,0.0,0.0,0.0,0.0,0.0,0.0,0.0,0.0,0.0,0.0,0.0,0.0,0.0,0.0,0.0,0.0,0.0,0.0,0.0,0.0,0.0,0.0,0.0,0.0,0.0,0.0,Beverage,0.0,0.0,0.0
#jazz,ginger ale,0.0,0.0,0.0,0.0,0.0,0.0,0.0,0.0,0.0,0.0,0.0,0.0,0.0,0.0,0.0,0.0,0.0,0.0,0.0,0.0,0.5067,0.0,0.0,0.0,0.0,0.0,0.0,0.0,0.0,0.0,Beverage,0.0,0.0,0.5067
Original,ginger ale,0.0,0.0,0.0,0.0,0.0,0.0,0.0,0.0,0.0,0.0,0.0,0.0,0.0,0.0,0.0,0.0,0.0,0.0,0.0,0.0,0.0,0.3182,0.0,0.0,0.0,0.0,0.0,0.0,0.0,0.0,Beverage,0.0,0.0,0.0
#hits,ginger ale,0.0,0.0,0.0,0.0,0.0,0.0,0.0,0.0,0.0,0.0,0.0,0.0,0.0,0.0,0.0,0.0,0.0,0.0,0.0,0.0,0.0,0.0,0.0,0.0,0.0,0.0,0.0,0.0,0.0,0.0,Beverage,0.0,0.0,0.0
Tonic,tonic,0.5927,0.2714,0.26781428,0.0,-0.45382,0.0,0.0,0.46248,0.0,-0.8591,0.0,0.550125,0.0,0.0,0.3787333,-0.5106,0.0,0.4926,-0.1037,0.0,0.0,0.5267,0.0,0.3612,0.0,0.8832,0.0,0.0,-0.19472,0.0,Beverage,-0.1037,0.5927,0.0
Caffeine,soda,0.0,0.0,0.0,0.0,0.0,0.0,0.0,0.0,0.0,0.0,0.0,0.0,0.0,0.0,0.0,0.0,0.0,-0.34,0.0,0.0,0.0,0.0,0.0,0.0,0.0,0.0,0.0,0.0,0.0,0.9382,Beverage,0.0,0.0,0.0
#Essentials,soda,0.0,0.0,0.0,0.0,0.0,0.0,0.0,0.0,0.5719,0.0,0.0,0.0,0.0,0.0,0.0,0.0,0.0,0.0,0.0,0.0,0.0,0.0,0.0,0.0,0.0,0.0,0.0,0.0,0.0,0.0,Beverage,0.0,0.0,0.0
Diet,ginger ale,0.0,0.0,0.0,0.0,0.0,0.0,0.0,0.0,0.0,0.0,0.0,0.0,0.0,0.0,0.0,-0.7964,0.0,0.0,0.0,0.0,0.5106,0.0,0.0,0.0,0.0,0.0,0.0,0.0,-0.1926,0.0,Beverage,0.0,0.0,0.5106
@locallearning,ginger ale,0.0,0.0,0.875,0.0,0.0,0.0,0.0,0.0,0.0,0.0,0.0,0.0,0.0,0.0,0.0,0.0,0.0,0.0,0.0,0.0,0.0,0.0,0.0,0.0,0.0,0.0,0.0,0.0,0.0,0.0,Beverage,0.0,0.0,0.0
Gin,ginger ale,0.0,0.0,0.0,0.7096,0.2263,0.0,0.0,0.0,0.0,0.0,0.0,0.0,0.0,0.0,0.6956,0.0,0.0,0.0,0.0,0.0,0.0,0.0,0.0,0.0,0.0,0.0,0.0,0.0,0.0,0.0,Beverage,0.0,0.0,0.0
Fresh,tonic,0.0,0.0,0.0,0.0,0.0,0.0,0.0,0.0,0.0,0.0,0.0,0.8802,0.0,0.0,0.0,0.0,0.0,0.0,0.0,0.0,0.0,0.0,0.0,0.0,0.0,0.0,0.0,0.0,0.0,0.0,Beverage,0.0,0.0,0.0
#hammock,soda,0.0,0.0,0.0,0.0,0.0,0.0,0.0,0.0,0.0,0.0,0.0,0.0,0.0,0.0,0.0,0.0,0.0,0.4404,0.0,0.0,0.0,0.0,0.0,0.0,0.0,0.0,0.0,0.0,0.0,0.0,Beverage,0.0,0.0,0.0
Fresh Lime,soda,0.0,0.0,0.0,0.0,0.0,0.0,0.9599,0.0,0.0,0.0,0.0,0.0,0.0,0.0,0.0,0.0,0.0,0.0,0.0,0.0,0.0,0.0,0.0,0.0,0.0,0.0,0.0,0.0,0.0,0.0,Beverage,0.0,0.0,0.0
#golf,ginger ale,0.0,0.0,0.0,0.0,0.0,0.0,0.0,0.0,0.0,0.0,0.431,0.0,0.0,0.0,0.0,0.0,0.0,0.0,0.0,0.0,0.0,0.0,0.0,0.0,0.0,0.0,0.0,0.0,0.0,0.0,Beverage,0.0,0.0,0.0
Sweet Pickles,ginger ale,0.0,0.0,0.0,0.0,0.0,0.0,0.0,0.0,0.0,0.0,0.0,0.0,0.0,0.1007,0.0,0.0,0.0,0.0,0.0,0.0,0.0,0.0,0.0,0.0,0.0,0.0,0.0,0.0,0.0,0.0,Beverage,0.0,0.0,0.0
Crackers,ginger ale,0.0,0.0,0.0,0.0,0.0,0.0,0.0,0.0,0.0,0.0,0.0,0.0,0.0,0.0,0.0,0.0,0.0,0.0,0.0,0.0,0.0,0.0,0.0,0.0772,0.0,-0.4019,0.0,0.0,0.0,0.0,Beverage,0.0,0.0,0.0
Diet,soda,0.0,0.6808,0.0,0.0,-0.28324,0.0,0.0,0.0,0.0,0.0,0.0,0.0,0.0,0.0,0.0,0.0,0.0,0.0,0.0,0.0,0.0,0.0,0.0,0.0,0.0,0.0,0.0,0.0,0.0,0.0,Beverage,0.0,0.0,0.0
Lemon Vodka,soda,0.6887,0.0,0.0,0.0,0.0,0.0,0.0,0.0,0.0,0.0,0.0,0.0,0.0,0.0,0.0,0.0,0.0,0.0,0.0,0.0,0.0,0.0,0.0,0.0,0.0,0.0,0.0,0.0,0.0,0.0,Beverage,0.0,0.6887,0.0
#Pop,ginger ale,0.0,0.0,0.13409999,0.0,0.0,0.0,0.0,0.0,0.0,0.0,0.0,0.0,0.0,0.0,0.0,0.0,0.0,0.0,0.0,0.0,0.0,0.0,0.0,0.0,0.0,0.0,0.0,0.0,0.0,0.0,Beverage,0.0,0.0,0.0
#RugbyWorldCup2019,tonic,0.0,0.0,0.0,0.0,0.0,0.0,0.0,0.0,0.0,0.0,0.0,0.0,0.0,0.0,0.0,0.0,0.0,0.0,0.0,0.0,0.0,0.5267,0.0,0.0,0.0,0.0,0.0,0.0,0.0,0.0,Beverage,0.0,0.0,0.0
Tea,ginger ale,0.0,0.783,0.0,0.2023,0.0,0.0,0.0,0.0,0.0,0.0,0.0,0.0,0.0,0.0,0.0,0.0,0.0,0.0,0.0,0.0,0.0,0.0,0.0,0.0,0.0,0.0,0.0,0.0,0.0,0.0,Beverage,0.0,0.0,0.0
#Drinks,ginger ale,0.0,0.0,0.0,0.0,0.0,0.0,0.0,0.0,0.0,0.0,0.0,0.0,0.0,0.0,0.0,0.0,0.0,0.0,0.0,0.0,0.0,0.7184,0.0,0.0,0.0,0.0,0.0,0.0,0.0,0.0,Beverage,0.0,0.0,0.0
#interiordesign,ginger ale,0.0,0.0,0.0,0.0,0.0,0.0,0.0,0.0,0.0,0.0,0.0,0.0,0.0,0.0,0.0,0.0,0.0,0.0,0.0,0.0,0.7263,0.0,0.0,0.0,0.0,0.0,0.0,0.0,0.0,0.0,Beverage,0.0,0.0,0.7263
#Music,ginger ale,0.0,0.0,0.0,0.0,0.0,0.0,0.0,0.0,0.0,0.0,0.0,0.0,0.0,0.0,0.0,0.0,0.0,0.0,0.0,0.0,0.0,0.0,0.0,0.0,0.0,0.0,0.0,0.0,0.0,0.0,Beverage,0.0,0.0,0.0
Know,ginger ale,0.0,0.0,0.0,0.0,0.0,0.0,0.0,0.2484,0.0,0.0,0.3612,0.0,0.0,0.0,0.0,0.0,0.0,0.0,0.0,0.0,0.0,0.0,0.0,0.0,0.0,0.0,0.0,0.0,0.0,0.0,Beverage,0.0,0.0,0.0
#portlandbars,tonic,0.0,0.0,0.0,0.0,0.0,0.0,0.0,0.0,0.0,0.0,0.0,0.0,0.0,0.0,-0.2462,0.0,0.0,0.0,0.0,0.0,0.0,0.0,0.0,0.0,0.0,0.0,0.0,0.0,0.0,0.0,Beverage,0.0,0.0,0.0
Blood,ginger ale,0.0,0.0,0.0,0.0,0.0,0.0,0.0,0.0,0.0,0.0,0.0,0.0,0.0,0.0,0.0,0.0,0.0,0.0,0.0,0.0,0.0,0.7184,0.0,0.0,0.0,0.0,0.0,0.0,0.0,0.0,Beverage,0.0,0.0,0.0
Sack,ginger ale,0.0,0.0,0.0,0.0,0.0,0.0,0.0,0.0,0.0,0.0,0.4215,0.0,0.0,0.0,0.0,0.0,0.0,0.0,0.0,0.0,0.0,0.0,0.0,0.0,0.0,0.0,0.0,0.0,0.0,0.0,Beverage,0.0,0.0,0.0
Yoghurt,soda,0.0,0.0,0.0,0.0,0.0,0.0,0.0,0.0,0.0,0.0,0.0,0.0,0.0,0.0,0.0,0.0,0.0,0.0,0.296,0.0,0.0,0.0,0.0,0.0,0.0,0.0,0.0,0.0,0.0,0.0,Beverage,0.296,0.0,0.0
#Coke,ginger ale,0.0,0.0,0.0,0.0,0.0,0.0,0.0,0.0,0.0,0.0,0.0,0.0,0.0,0.0,0.0,0.0,0.0,0.0,0.0,0.0,0.0,0.0,0.0,0.0,0.0,0.0,0.0,0.0,0.0,0.0,Beverage,0.0,0.0,0.0
Squid,soda,0.0,0.0,0.0,0.0,0.0,0.0,0.0,0.0,0.0,0.0,0.0,0.0,0.0,0.0,-0.34,0.0,0.0,0.0,0.0,0.0,0.0,0.0,0.0,0.0,0.0,0.0,0.0,0.0,0.0,0.0,Beverage,0.0,0.0,0.0
#Pregnancy,soda,0.0,0.0,0.0,0.0,0.0,0.0,0.0,0.0,0.0,-0.2732,0.0,0.0,0.0,0.0,0.0,0.0,0.0,0.0,0.0,0.0,0.0,0.0,0.0,0.0,0.0,0.0,0.0,0.0,0.0,0.0,Beverage,0.0,0.0,0.0
Rhubarb,ginger ale,0.0,0.0,0.0,0.0,0.2263,0.0,0.0,0.0,0.0,0.0,0.0,0.0,0.0,0.0,0.0,0.0,0.0,0.0,0.0,0.0,0.0,0.0,0.0,0.0,0.0,0.0,0.0,0.0,0.0,0.0,Beverage,0.0,0.0,0.0
Ice,ginger ale,-0.2263,0.0,0.0,0.0,-0.633,0.0,0.0,0.0,0.0,0.0,0.0,0.8176,0.0,0.0,0.0,0.0,0.0,0.0,0.0,0.0,0.0,0.0,0.0,0.0,0.0,0.0,0.0,0.0,0.0,0.0,Beverage,0.0,-0.2263,0.0
@Qwerty_Soda,soda,0.0,0.0,0.0,0.0,0.0,0.0,0.0,0.0,0.0,0.0,0.0,0.0,0.0,0.0,0.0,0.0,0.0,0.0,0.0,0.0,0.0,0.0,0.0,0.0,0.0,0.0,0.0,0.0,0.0,0.0,Beverage,0.0,0.0,0.0
#gingerlemonade,soda,0.0,0.0,0.0,0.0,0.0,0.0,0.9599,0.0,0.0,0.0,0.0,0.0,0.0,0.0,0.0,0.0,0.0,0.0,0.0,0.0,0.0,0.0,0.0,0.0,0.0,0.0,0.0,0.0,0.0,0.0,Beverage,0.0,0.0,0.0
Chocolate,soda,0.0,0.0,0.0,0.0,0.0,-0.9158,0.0,0.0,0.0,0.0,0.0,0.0,0.0,0.0,0.0,0.0,0.0,0.0,0.0,0.0,0.0,0.0,0.0,0.0,0.0,0.0,0.0,0.0,0.0,0.0,Beverage,0.0,0.0,0.0
@DFWAirport,ginger ale,0.0,0.0,0.0,0.0,-0.633,0.0,0.0,0.0,0.0,0.0,0.0,0.0,0.0,0.0,0.0,0.0,0.0,0.0,0.0,0.0,0.0,0.0,0.0,0.0,0.0,0.0,0.0,0.0,0.0,0.0,Beverage,0.0,0.0,0.0
#0calories,soda,0.0,0.0,0.0,0.0,0.0,0.0,0.0,0.0,0.0,0.0,0.0,0.0,0.0,0.0,0.0,0.0,0.0,0.4404,0.0,0.0,0.0,0.0,0.0,0.0,0.0,0.0,0.0,0.0,0.0,0.0,Beverage,0.0,0.0,0.0
@ReisePferdich,tonic,0.0,0.0,0.0,0.0,0.0,0.0,0.0,0.0,0.0,0.0,0.0,0.0,0.0,0.0,0.0,-0.5106,0.0,0.0,0.0,0.0,0.0,0.0,0.0,0.0,0.0,0.0,0.0,0.0,0.0,0.0,Beverage,0.0,0.0,0.0
#summer,soda,0.0,0.0,0.0,0.0,0.0,0.0,0.9599,0.0,0.0,0.0,0.0,0.0,0.0,0.0,0.0,0.0,0.0,0.0,0.0,0.0,0.0,0.0,0.0,0.0,0.0,0.0,0.0,0.0,0.0,0.0,Beverage,0.0,0.0,0.0
Icing,ginger ale,0.0,0.0,0.0,0.0,0.0,0.0,0.0,0.0,0.0,0.0,0.626,0.0,0.0,0.0,0.0,0.0,0.0,0.0,0.0,0.0,0.0,0.0,0.0,0.0,0.0,0.0,0.0,0.0,0.0,0.0,Beverage,0.0,0.0,0.0
#developerlife,tonic,0.0,0.0,0.0,0.0,0.0,0.0,0.0,0.0,0.0,0.0,0.0,0.0,0.0,0.0,0.0,0.0,0.0,0.0,0.0,0.0,0.0,0.0,0.0,0.0,0.0,0.0,0.0,0.0,0.6369,0.0,Beverage,0.0,0.0,0.0
Soda,soda,-0.19408,0.102457166,0.0,-0.5423,0.16788748,0.0,0.3679182,0.51420003,0.0,0.0,0.5417333,0.0,0.0,0.0,-0.34,0.6249,0.0,-0.34,0.0,0.0,-0.29352498,0.0936625,0.0,0.1314,0.38391426,0.0,0.14063635,0.70428,0.0772,0.1901,Beverage,0.0,-0.19408,-0.29352498
Tonic Water,tonic,0.0,0.0,-0.5106,0.0,0.0,0.0,0.0,-0.6249,0.0,0.0,0.0,0.0,-0.4559,0.0,-0.2462,0.0,0.0,0.6249,0.0,0.0,0.0,0.0,0.0,0.0,0.0,0.0,0.0,0.5859,0.0,0.0,Beverage,0.0,0.0,0.0
Pimento,ginger ale,0.0,0.0,0.0,0.0,0.0,0.0,0.0,0.0,0.0,0.0,0.0,0.0,0.0,0.1007,0.0,0.0,0.0,0.0,0.0,0.0,0.0,0.0,0.0,0.0,0.0,0.0,0.0,0.0,0.0,0.0,Beverage,0.0,0.0,0.0
Black,soda,0.0,0.0,0.0,0.0,0.0,0.0,0.0,0.0,0.0,0.0,0.0,0.0,0.0,0.0,0.0,0.0,0.0,0.0,0.0,0.0,0.0,0.0,0.0,0.0,0.0,0.0,0.0,0.0,0.0,0.0,Beverage,0.0,0.0,0.0
Red,soda,0.0,0.0,0.0,0.0,0.0,0.0,0.7717,0.0,0.0,0.0,0.0,0.0,0.0,0.0,-0.34,0.0,0.0,0.0,0.0,0.0,0.0,0.0,0.0,0.0,0.0,0.0,0.0,0.0,0.0,0.0,Beverage,0.0,0.0,0.0
Alfredo,ginger ale,0.0,0.0,0.0,0.0,0.0,0.0,0.0,0.0,0.0,0.0,0.0,0.0,0.0,0.0,0.0,0.4588,0.0,0.0,0.0,0.0,0.0,0.0,0.0,0.0,0.0,0.0,0.0,0.0,0.0,0.0,Beverage,0.0,0.0,0.0
#VIPjuggz,ginger ale,0.0,0.0,0.0,0.0,0.0,0.0,0.0,0.0,0.0,-0.4783,0.0,0.0,0.0,0.0,0.0,0.0,0.0,0.0,0.0,0.0,0.0,0.0,0.0,0.0,0.0,0.0,0.0,0.0,0.0,0.0,Beverage,0.0,0.0,0.0
#rock,ginger ale,0.0,0.0,0.0,0.0,0.0,0.0,0.0,0.0,0.0,0.0,0.0,0.0,0.0,0.0,0.0,0.0,0.0,0.0,0.0,0.0,0.5067,0.0,0.0,0.0,0.0,0.0,0.0,0.0,0.0,0.0,Beverage,0.0,0.0,0.5067
@BrightClubMcr,tonic,0.0,0.0,0.0,0.0,0.0,0.0,0.0,0.0,0.0,0.0,0.0,0.0,0.0,0.0,0.0,0.0,0.0,0.4926,0.0,0.0,0.0,0.0,0.0,0.0,0.0,0.0,0.0,0.0,0.0,0.0,Beverage,0.0,0.0,0.0
Apple,soda,0.0,0.0,0.0,0.0,0.0,0.0,0.0,0.0,0.0,0.0,0.8126,0.0,0.0,0.0,0.0,0.0,0.0,-0.7351,0.0,0.0,0.0,0.0,0.0,0.0,0.0,0.0,0.0,0.0,0.0,0.0,Beverage,0.0,0.0,0.0
@telegraphnews,soda,0.0,0.0,0.0,0.0,-0.296,0.0,0.0,0.0,0.0,0.0,0.0,0.0,0.0,0.0,0.0,0.0,0.0,0.0,0.0,0.0,0.0,0.0,0.0,0.0,0.0,0.0,0.0,0.0,0.0,0.0,Beverage,0.0,0.0,0.0
Know,soda,0.0,0.0,0.0,0.6239,0.0,0.0,0.0,0.0,0.0,0.0,0.0,0.0,0.0,0.0,0.0,0.0,0.0,0.0,0.0,0.0,0.0,0.0,0.0,0.0,0.0,0.0,0.0,0.0,0.0,0.0,Beverage,0.0,0.0,0.0
#FoodPoisoning,ginger ale,0.0,0.0,0.0,0.0,-0.633,0.0,0.0,0.0,0.0,0.0,0.0,0.0,0.0,0.0,0.0,0.0,0.0,0.0,0.0,0.0,0.0,0.0,0.0,0.0,0.0,0.0,0.0,0.0,0.0,0.0,Beverage,0.0,0.0,0.0
Croissants,soda,0.0,0.0,0.0,0.0,0.0,0.0,0.0,0.0,0.0,0.0,0.0,0.0,0.0,0.0,0.0,0.0,0.0,0.0,0.0,0.0,0.0,0.0,0.0,0.0,0.88,0.0,0.0,0.0,0.0,0.0,Beverage,0.0,0.0,0.0
Canada Dry,ginger ale,0.0,0.0,0.0,0.0,0.0,0.0,-0.3182,0.0,0.0,0.0,0.0,0.0,0.0,0.0,0.0,0.0,0.0,0.0,0.0,0.0,0.0,0.0,0.0,0.0,0.0,0.0,0.0,0.0,0.0,0.0,Beverage,0.0,0.0,0.0
#humanhappiness,soda,0.0,0.0,0.0,0.0,0.0,0.0,0.0,0.0,0.0,0.0,0.0,0.0,0.0,0.0,0.0,0.0,0.0,0.0,0.0,0.0,0.937,0.0,0.0,0.0,0.0,0.0,0.0,0.0,0.0,0.0,Beverage,0.0,0.0,0.937
Candy,soda,0.0,0.0,0.0,0.0,0.0,-0.9158,0.0,0.0,0.0,0.0,0.0,0.0,0.0,0.0,0.0,0.0,0.0,0.0,0.0,0.0,0.0,0.0,0.0,0.0,0.0,0.0,0.0,0.0,0.0,0.0,Beverage,0.0,0.0,0.0
#Giveaway,soda,0.0,0.0,0.0,0.0,0.5229,0.0,0.0,0.0,0.0,0.0,0.0,0.0,0.0,0.0,0.0,0.0,0.0,0.0,0.0,0.0,0.0,0.0,0.0,0.0,0.0,0.0,0.0,0.0,0.0,0.0,Beverage,0.0,0.0,0.0
Eggs,soda,0.0,0.0,0.0,0.0,0.0,0.0,0.0,0.0,0.0,0.0,0.0,0.0,0.0,0.0,0.0,0.0,0.0,0.0,0.0,0.0,0.0,0.0,0.0,0.0,0.0,0.0,0.8743,0.0,0.0,0.0,Beverage,0.0,0.0,0.0
#Spring,ginger ale,0.0,0.0,0.875,0.0,0.0,0.0,0.0,0.0,0.0,0.0,0.0,0.0,0.0,0.0,0.0,0.0,0.0,0.0,0.0,0.0,0.0,0.0,0.0,0.0,0.0,0.0,0.0,0.0,0.0,0.0,Beverage,0.0,0.0,0.0
#History,ginger ale,0.0,0.0,0.875,0.0,0.0,0.0,0.0,0.0,0.0,0.0,0.0,0.0,0.0,0.0,0.0,0.0,0.0,0.0,0.0,0.0,0.0,0.0,0.0,0.0,0.0,0.0,0.0,0.0,0.0,0.0,Beverage,0.0,0.0,0.0
#Radio,ginger ale,0.0,0.0,0.13409999,0.0,0.0,0.0,0.0,0.0,0.0,0.0,0.0,0.0,0.0,0.0,0.0,0.0,0.0,0.0,0.0,0.0,0.0,0.0,0.0,0.0,0.0,0.0,0.0,0.0,0.0,0.0,Beverage,0.0,0.0,0.0
@columbiasc,tonic,0.0,0.0,0.0,0.0,0.0,0.0,0.0,0.0,0.0,0.0,0.0,0.0,0.0,0.0,0.5106,0.0,0.0,0.0,0.0,0.0,0.0,0.0,0.0,0.0,0.0,0.0,0.0,0.0,0.0,0.0,Beverage,0.0,0.0,0.0
#stayinnandbeoutout,soda,0.0,0.0,0.0,0.0,0.0,0.0,0.0,0.0,0.0,0.0,0.0,0.0,0.0,0.0,0.0,0.0,0.0,0.0,0.0,0.0,0.0,0.0,0.0,0.0,0.0,0.0,0.0,0.296,0.0,0.0,Beverage,0.0,0.0,0.0
Cones,ginger ale,0.0,0.0,0.0,0.0,0.0,0.0,0.0,0.0,0.0,0.0,0.0,0.0,0.0,0.0,0.0,0.0,0.0,0.0,0.0,0.0,0.0,0.0,0.0,0.0,0.0,0.0,0.0,0.0,0.0,0.0,Beverage,0.0,0.0,0.0
Cookie,soda,-0.5423,0.0,0.0,0.0,0.0,0.0,0.0,0.0,0.0,0.0,0.0,0.0,0.0,0.0,0.0,0.0,0.0,0.0,0.0,0.0,0.0,0.0,0.0,0.0,0.0,0.0,0.0,0.0,0.0,0.0,Beverage,0.0,-0.5423,0.0
#SimplyAmazing,tonic,0.0,0.0,0.0,0.0,0.0,0.0,0.0,0.0,0.0,0.0,0.0,0.0,0.0,0.0,0.0,0.0,0.0,0.0,0.0,0.0,0.0,0.0,0.0,0.0,0.0,0.0,0.0,0.5859,0.0,0.0,Beverage,0.0,0.0,0.0
#Soda,soda,0.0,0.0,0.0,0.0,0.0,0.0,0.0,0.0,0.0,-0.2732,0.0,0.0,0.0,0.0,0.0,0.0,0.0,0.0,0.0,0.0,0.0,0.0,0.0,0.0,0.0,0.0,0.0,0.0,0.0,0.0,Beverage,0.0,0.0,0.0
#cocktails,tonic,0.0,0.0,0.0,0.0,0.0,0.0,0.0,0.0,0.0,0.0,0.0,0.0,0.0,0.0,0.0,0.0,0.0,0.0,0.0,0.0,0.0,0.0,0.0,0.0,0.0,0.8832,0.0,0.0,0.0,0.0,Beverage,0.0,0.0,0.0
Rolls,soda,0.0,0.0,0.0,0.0,0.0,0.0,0.0,0.0,0.0,0.0,0.0,0.0,0.0,0.0,0.0,0.0,0.0,0.0,0.0,0.0,0.0,0.0,0.0,0.0,0.0,0.0,0.0,0.0,0.0772,0.0,Beverage,0.0,0.0,0.0
White,soda,0.0,0.0,0.0,0.0,0.0,0.0,0.0,0.0,0.0,0.0,0.0,0.0,0.0,0.0,0.0,0.0,0.0,0.0,0.0,0.0,0.0,0.0,0.0,0.0,0.0,0.0,0.0,0.0,0.0,-0.128,Beverage,0.0,0.0,0.0
#ElectionNight,ginger ale,0.0,0.0,0.0,0.0,0.0,0.0,0.0,0.0,0.0,0.0,-0.5574,0.0,0.0,0.0,0.0,0.0,0.0,0.0,0.0,0.0,0.0,0.0,0.0,0.0,0.0,0.0,0.0,0.0,0.0,0.0,Beverage,0.0,0.0,0.0
Root Beer,ginger ale,0.0,0.0,0.0,0.0,0.0,0.0,0.0,0.0,0.0,0.0,0.0,0.0,0.0,0.0,0.0,0.0,0.0,0.0,0.0,0.0,0.0,0.0,0.0,0.0,0.0,0.0,0.0,0.0,0.0,0.0,Beverage,0.0,0.0,0.0
Beer,ginger ale,0.0,0.0,0.0,0.0,0.0,0.0,0.0,0.0,0.0,0.0,0.6103,0.0,0.0,0.0,0.0,0.0,0.0,0.0,0.0,0.0,0.0,0.0,0.0,0.7900999,0.0,0.0,0.0,0.0,0.0,0.0,Beverage,0.0,0.0,0.0
#SparklingWater,soda,0.0,0.0,0.0,0.0,0.0,0.0,0.0,0.4168,0.0,0.0,0.27786666,0.0,0.0,0.0,0.0,0.0,0.0,0.0,0.0,0.0,0.0,0.0,0.0,0.0,0.0,0.0,0.0,0.0,0.0,0.0,Beverage,0.0,0.0,0.0
Cream,soda,0.0,0.0,0.0,0.0,0.0,0.0,0.0,0.0,0.0,0.0,0.0,0.0,0.0,0.0,0.0,0.0,0.0,0.0,0.0,0.0,0.0,0.0,0.0,0.5707,0.88,0.0,0.0,0.0,0.0,0.0,Beverage,0.0,0.0,0.0
@bbcthree,tonic,0.0,0.0,0.0,0.0,0.0,0.0,0.0,0.0,0.0,0.0,0.0,0.0,0.0,0.0,0.0,0.0,0.0,0.0,0.0,0.0,0.0,0.0,0.0,0.0,0.0,0.0,0.0,0.0,-0.2942,0.0,Beverage,0.0,0.0,0.0
#FitLife,soda,0.0,0.0,0.0,0.0,0.0,0.0,0.0,0.0,0.0,0.0,0.4168,0.0,0.0,0.0,0.0,0.0,0.0,0.0,0.0,0.0,0.0,0.0,0.0,0.0,0.0,0.0,0.0,0.0,0.0,0.0,Beverage,0.0,0.0,0.0
@MapsMaponyane,tonic,0.0,0.0,0.0,0.0,0.0,0.0,0.0,0.0,0.0,0.0,0.0,0.0,0.0,0.0,0.0,0.0,0.0,0.0,0.0,0.0,0.0,0.5267,0.0,0.0,0.0,0.0,0.0,0.0,0.0,0.0,Beverage,0.0,0.0,0.0
@Radio702,tonic,0.0,0.0,0.0,0.0,0.0,0.0,0.0,0.0,0.0,0.0,0.0,0.0,0.0,0.0,0.0,0.0,0.0,0.0,0.0,0.0,0.0,0.5267,0.0,0.0,0.0,0.0,0.0,0.0,0.0,0.0,Beverage,0.0,0.0,0.0
#howsyourheadhun,tonic,0.0,0.0,0.0,0.0,0.0,0.0,0.0,0.0,0.0,0.0,0.0,0.0,0.0,0.0,0.0,0.0,0.0,0.0,0.0,0.0,0.0,0.0,0.0,0.0,0.0,0.0,0.0,0.0,-0.2942,0.0,Beverage,0.0,0.0,0.0
#lifeofriley,ginger ale,0.0,0.0,0.0,0.0,0.0,0.0,0.0,0.0,0.0,0.0,0.431,0.0,0.0,0.0,0.0,0.0,0.0,0.0,0.0,0.0,0.0,0.0,0.0,0.0,0.0,0.0,0.0,0.0,0.0,0.0,Beverage,0.0,0.0,0.0
Ale,ginger ale,0.0,0.0,0.0,0.0,0.0,0.0,0.0,0.0,0.0,0.0,0.0,0.0,0.0,0.0,0.0,0.0,0.0,0.0,0.0,0.0,0.0,0.0,0.0,0.0,0.0,0.0,0.0,0.0,0.0,0.0,Beverage,0.0,0.0,0.0
Lasagna,soda,0.0,0.6369,0.0,0.0,0.0,0.0,0.0,0.0,0.0,0.0,0.0,0.0,0.0,0.0,0.0,0.0,0.0,0.0,0.0,0.0,0.0,0.0,0.0,0.0,0.0,0.0,0.0,0.0,0.0,0.0,Beverage,0.0,0.0,0.0
@CenterParcsUK,tonic,0.0,0.0,0.0,0.0,0.0,0.0,0.0,0.9455,0.0,0.0,0.0,0.0,0.0,0.0,0.0,0.0,0.0,0.0,0.0,0.0,0.0,0.0,0.0,0.0,0.0,0.0,0.0,0.0,0.0,0.0,Beverage,0.0,0.0,0.0
Chocolate Milk,ginger ale,0.0,0.0,0.0,0.0,0.0,0.0,0.0,0.0,0.0,0.0,0.0,0.0,0.0,0.0,0.0,0.0,0.0,0.0,0.0,0.0,0.0,0.0,0.0,0.0,0.6369,0.0,0.0,0.0,0.0,0.0,Beverage,0.0,0.0,0.0
#isolationnation,soda,0.0,0.0,0.0,0.0,0.0,0.0,0.0,0.0,0.0,0.0,0.0,0.0,0.0,0.0,0.0,0.0,0.0,0.0,0.0,0.0,0.0,0.0,0.0,0.0,0.0,0.0,0.0,0.296,0.0,0.0,Beverage,0.0,0.0,0.0
#bbcqt,tonic,0.0,0.0,0.0,0.0,0.0,0.0,0.0,0.0,0.0,0.0,0.0,0.0,0.0,0.0,0.0,0.0,0.0,0.0,0.0,0.0,0.0,0.0,0.0,0.0,0.0,0.0,0.0,0.0,0.0,0.0,Beverage,0.0,0.0,0.0
#NATURAL,soda,0.0,0.0,0.0,0.0,0.0,0.0,0.0,0.0,0.0,0.0,0.0,0.0,0.0,0.0,0.0,0.0,0.0,0.4404,0.0,0.0,0.0,0.0,0.0,0.0,0.0,0.0,0.0,0.0,0.0,0.0,Beverage,0.0,0.0,0.0
#RussianCuisine,soda,0.0,0.0,0.0,0.0,0.0,0.0,0.0,0.0,0.0,0.0,0.0,0.0,0.0,0.0,0.0,0.0,0.0,0.0,0.0,0.0,0.0,0.0,0.0,0.0,0.0,0.0,0.0,0.0,0.0,0.0,Beverage,0.0,0.0,0.0
Mocha,tonic,0.0,0.0,0.0,0.0,0.0,0.0,0.0,0.0,0.0,0.0,0.0,0.0,0.0,0.0,0.0,0.0,0.0,0.0,-0.4574,0.0,0.0,0.0,0.0,0.0,0.0,0.0,0.0,0.0,0.0,0.0,Beverage,-0.4574,0.0,0.0
#HipHop,ginger ale,0.0,0.0,0.0,0.0,0.0,0.0,0.0,0.0,0.0,0.0,0.0,0.0,0.0,0.0,0.0,0.0,0.0,0.0,0.0,0.0,0.0,0.0,0.0,0.0,0.0,0.0,0.0,0.0,0.0,0.0,Beverage,0.0,0.0,0.0
Sprouts,soda,0.0,0.0,0.0,0.0,0.0,0.0,0.0,0.0,0.0,0.0,0.0,0.0,0.0,0.0,0.0,0.0,0.0,0.0,0.0,0.0,0.0,0.0,0.0,0.0,0.0,0.0,0.8743,0.0,0.0,0.0,Beverage,0.0,0.0,0.0
@ChairmansUK,tonic,0.0,0.0,0.0,0.0,0.0,0.0,0.0,0.0,0.0,0.0,0.0,0.0,0.0,0.0,0.0,0.0,0.0,0.0,0.0,0.0,0.0,0.0,0.0,0.0,0.0,0.8832,0.0,0.0,0.0,0.0,Beverage,0.0,0.0,0.0
Imagine,ginger ale,0.0,0.0,0.0,0.0,0.0,0.0,0.0,0.0,0.0,0.0,0.0,0.0,0.0,0.0,0.0,0.0,0.0,0.0,0.0,0.0,0.0,0.0,0.0,0.0,0.0,0.0,0.0,0.0,0.0,0.0,Beverage,0.0,0.0,0.0
Chips,ginger ale,0.0,0.0,0.0,0.0,0.0,0.0,0.0,0.0,0.0,0.0,0.0,0.0,0.0,0.0,0.0,0.0,0.0,0.0,0.3919,0.0,0.0,0.0,0.0,0.0,0.0,0.0,0.0,0.0,0.0,0.0,Beverage,0.3919,0.0,0.0
#delicious,soda,0.0,0.0,0.0,0.0,0.0,0.0,0.0,0.4724,0.0,0.0,0.0,0.0,0.0,0.0,0.0,0.0,0.0,0.0,0.0,0.0,0.0,0.0,0.0,0.0,0.0,0.0,0.0,0.0,0.0,0.0,Beverage,0.0,0.0,0.0
@nypost,ginger ale,0.0,0.0,0.0,0.0,0.0,0.0,0.0,0.0,0.0,0.0,0.0,0.3612,0.0,0.0,0.0,0.0,0.0,0.0,0.0,0.0,0.0,0.0,0.0,0.0,0.0,0.0,0.0,0.0,0.0,0.0,Beverage,0.0,0.0,0.0
Lamb,tonic,0.0,0.0,0.0,0.0,0.0,0.0,0.0,0.0,0.0,0.0,0.0,0.0,0.0,0.0,0.0,0.0,0.0,0.0,0.0,0.0,0.0,0.0,0.0,0.0,0.0,0.0,0.0,0.0,0.0,0.0,Beverage,0.0,0.0,0.0
Stick,ginger ale,0.0,0.0,0.0,0.0,0.0,0.0,0.0,0.0,0.0,0.0,0.0,0.0,0.0,0.0,0.0,0.0,-0.3818,0.0,0.0,0.0,0.0,0.0,0.0,0.0,0.0,0.0,0.0,0.0,0.0,0.0,Beverage,0.0,0.0,0.0
#Enjoy,ginger ale,0.0,0.0,0.0,0.0,0.0,0.0,0.0,0.0,0.0,0.0,0.0,0.0,0.0,0.0,0.0,0.0,0.0,0.0,0.0,0.0,0.0,0.7184,0.0,0.0,0.0,0.0,0.0,0.0,0.0,0.0,Beverage,0.0,0.0,0.0
Croutons,soda,0.0,0.0,0.0,0.0,0.0,0.0,0.0,0.0,0.0,0.0,0.0,0.0,0.0,0.0,0.0,0.0,0.0,0.0,0.0,0.0,0.0,0.0,0.0,0.0,0.0,0.0,0.0,0.0,0.0,0.0,Beverage,0.0,0.0,0.0
#Obesity,soda,0.0,0.0,0.0,0.0,0.0,0.0,0.0,0.0,0.0,-0.2732,0.0,0.0,0.0,0.0,0.0,0.0,0.0,0.0,0.0,0.0,0.0,0.0,0.0,0.0,0.0,0.0,0.0,0.0,0.0,0.0,Beverage,0.0,0.0,0.0
Cranberry,ginger ale,0.0,0.0,0.0,0.0,0.0,0.0,0.0,0.0,0.0,0.0,0.0,0.0,0.0,0.0,0.0,0.0,0.0,0.0,0.0,0.0,0.0,0.0,0.0,0.0,0.0,0.0,0.0,0.0,0.0,0.0,Beverage,0.0,0.0,0.0
Teas,ginger ale,0.0,0.7351,0.0,0.0,0.0,0.0,0.0,0.0,0.0,0.0,0.0,0.0,0.0,0.0,0.0,0.0,0.0,0.0,0.0,0.0,0.0,0.0,0.0,0.0,0.0,0.0,0.0,0.0,0.0,0.0,Beverage,0.0,0.0,0.0
Cucumber,ginger ale,-0.2263,0.0,0.0,0.0,0.0,0.0,0.0,0.0,0.0,0.0,0.0,0.0,0.0,0.0,0.0,0.0,0.0,0.0,0.0,0.0,0.0,0.0,0.0,0.0,0.0,0.0,0.0,0.0,0.0,0.0,Beverage,0.0,-0.2263,0.0
Ginger Ale,ginger ale,0.20924,0.0,0.0,0.112714276,0.090605,0.0,-0.14614445,0.0828,0.0,0.0,0.4215,0.0,0.0,0.4246,0.34935552,0.4588,-0.31846666,0.044228572,0.020280004,0.0,0.41895002,-0.12152856,-0.25106,0.20526001,0.0,0.0,0.0,0.23888572,0.0,0.0,Beverage,0.020280004,0.20924,0.41895002
Water,ginger ale,0.0,0.0,0.0,0.0,0.0,0.0,0.0,0.0,0.0,0.0,0.3612,0.0,0.0,0.0,0.0,0.0,0.0,0.0,0.0,0.0,0.0,0.0,0.0,0.0,0.0,0.0,0.0,0.0,-0.1926,0.0,Beverage,0.0,0.0,0.0
@DMRnewsdirector,ginger ale,0.0,0.0,0.0,0.0,0.0,0.0,0.0,0.0,0.0,0.0,0.0,0.0,0.0,0.0,0.0,0.0,0.0,0.0,0.0,0.0,0.0,0.0,0.0,0.0,0.0,0.0,0.0,0.0,0.0,0.0,Beverage,0.0,0.0,0.0
Wonka,soda,0.0,0.0,0.0,0.0,-0.6605,0.0,0.0,0.0,0.0,0.0,0.0,0.0,0.0,0.0,0.0,0.0,0.0,0.0,0.0,0.0,0.0,0.0,0.0,0.0,0.0,-0.508,0.0,0.0,0.0,0.0,Beverage,0.0,0.0,0.0
#NewUse,ginger ale,0.0,0.0,0.875,0.0,0.0,0.0,0.0,0.0,0.0,0.0,0.0,0.0,0.0,0.0,0.0,0.0,0.0,0.0,0.0,0.0,0.0,0.0,0.0,0.0,0.0,0.0,0.0,0.0,0.0,0.0,Beverage,0.0,0.0,0.0
Peanut Butter,tonic,0.0,0.2714,0.0,0.0,0.0,0.0,0.0,0.0,0.0,0.0,0.0,0.0,0.0,0.0,0.0,0.0,0.0,0.0,0.0,0.0,0.0,0.0,0.0,0.0,0.0,0.0,0.0,0.0,0.0,0.0,Beverage,0.0,0.0,0.0
#rosemary,tonic,0.0,0.0,0.0,0.0,0.0,0.0,0.0,0.0,0.0,0.0,0.0,0.0,0.0,0.0,-0.2462,0.0,0.0,0.0,0.0,0.0,0.0,0.0,0.0,0.0,0.0,0.0,0.0,0.0,0.0,0.0,Beverage,0.0,0.0,0.0
#NewatFWGS,soda,0.6887,0.0,0.0,0.0,0.0,0.0,0.0,0.0,0.0,0.0,0.0,0.0,0.0,0.0,0.0,0.0,0.0,0.0,0.0,0.0,0.0,0.0,0.0,0.0,0.0,0.0,0.0,0.0,0.0,0.0,Beverage,0.0,0.6887,0.0
#LAX,ginger ale,0.0,0.0,0.0,0.0,-0.633,0.0,0.0,0.0,0.0,0.0,0.0,0.0,0.0,0.0,0.0,0.0,0.0,0.0,0.0,0.0,0.0,0.0,0.0,0.0,0.0,0.0,0.0,0.0,0.0,0.0,Beverage,0.0,0.0,0.0
Ice Cubes,ginger ale,0.0,0.0,0.0,0.0,0.0,0.0,0.0,0.0,0.0,0.0,0.0,0.0,0.0,0.0,0.0,0.0,0.0,0.0,0.0,0.0,0.0,0.0,0.0,0.0,0.0,0.0,0.0,0.0,0.0,0.0,Beverage,0.0,0.0,0.0
Sugar,ginger ale,-0.2263,0.0,0.0,0.0,0.0,0.0,0.0,0.0,0.0,0.0,0.4215,0.0,0.0,0.0,0.0,0.0,0.0,0.0,0.0,0.0,0.0,0.0,0.0,0.0,0.0,0.0,0.0,0.0,0.0,0.0,Beverage,0.0,-0.2263,0.0
Abraham,ginger ale,0.0,0.0,0.0,0.0,0.0,0.0,0.0,0.0,0.0,0.0,0.0,0.0,0.0,0.0,0.0,0.0,0.0,0.0,0.0,0.0,0.0,0.0,0.0,0.0,0.0,0.0,0.0,0.0,0.0,0.0,Beverage,0.0,0.0,0.0
#WorldWaterDay2019,soda,0.0,0.0,0.0,0.0,0.0,0.0,0.0,0.0,0.0,0.0,0.0,0.0,0.0,0.0,0.7574,0.0,0.0,0.0,0.0,0.0,0.0,0.0,0.0,0.0,0.0,0.0,0.0,0.0,0.0,0.0,Beverage,0.0,0.0,0.0
#health,soda,0.0,0.0,0.0,0.0,0.0,0.0,0.0,0.0,0.0,0.0,0.0,0.0,0.0,0.0,0.0,0.0,0.0,0.0,0.0,0.0,0.937,0.0,0.0,0.0,0.0,0.0,0.0,0.0,0.0,0.0,Beverage,0.0,0.0,0.937
#wine,ginger ale,0.0,0.0,0.0,0.0,0.0,0.0,0.0,0.0,0.0,0.0,0.6103,0.0,0.0,0.0,0.0,0.0,0.0,0.0,0.0,0.0,0.0,0.0,0.0,0.0,0.0,0.0,0.0,0.0,0.0,0.0,Beverage,0.0,0.0,0.0
Star Wars,soda,0.0,0.0,0.0,0.0,0.0,0.0,0.0,0.0,0.2023,0.0,0.0,0.0,0.0,0.0,0.0,0.0,0.0,0.0,0.0,0.0,0.0,0.0,0.0,0.0,0.0,0.0,0.0,0.0,0.0,0.0,Beverage,0.0,0.0,0.0
Carrot,ginger ale,0.0,0.0,0.0,0.0,0.0,0.0,0.0,0.0,0.0,0.0,0.0,0.0,0.0,0.0,0.0,0.0,0.0,0.0,0.0,0.0,0.0,0.0,0.0,0.0,0.0,0.0,0.0,0.0,0.0,0.0,Beverage,0.0,0.0,0.0
#lemonade,soda,0.0,0.0,0.0,0.0,0.0,0.0,0.9599,0.0,0.0,0.0,0.0,0.0,0.0,0.0,0.0,0.0,0.0,0.0,0.0,0.0,0.0,0.0,0.0,0.0,0.0,0.0,0.0,0.0,0.0,0.0,Beverage,0.0,0.0,0.0
#indiecomics,ginger ale,0.807,0.0,0.0,0.0,0.0,0.0,0.0,0.0,0.0,0.0,0.0,0.0,0.0,0.0,0.0,0.0,0.0,0.0,0.0,0.0,0.0,0.0,0.0,0.0,0.0,0.0,0.0,0.0,0.0,0.0,Beverage,0.0,0.807,0.0
Natural,soda,0.0,0.0,0.0,0.6239,0.0,0.0,0.0,0.0,0.0,0.0,0.0,0.0,0.0,0.0,0.0,0.0,0.0,0.0,0.0,0.0,0.0,0.0,0.0,0.0,0.0,0.0,0.0,0.0,0.0,0.0,Beverage,0.0,0.0,0.0
#dentalcare,soda,0.0,0.0,0.0,0.0,0.2263,0.0,0.0,0.0,0.0,0.0,0.0,0.0,0.0,0.0,0.0,0.0,0.0,0.0,0.0,0.0,0.0,0.0,0.0,0.0,0.0,0.0,0.0,0.0,0.0,0.0,Beverage,0.0,0.0,0.0
Dry,tonic,0.0,0.0,0.0,0.0,0.0,0.0,0.0,-0.6249,0.0,0.0,0.0,0.0,0.0,0.0,0.0,0.0,0.0,0.0,0.0,0.0,0.0,0.0,0.0,0.0,0.0,0.0,0.0,0.0,0.0,0.0,Beverage,0.0,0.0,0.0
#Swimming,ginger ale,0.0,0.0,0.875,0.0,0.0,0.0,0.0,0.0,0.0,0.0,0.0,0.0,0.0,0.0,0.0,0.0,0.0,0.0,0.0,0.0,0.0,0.0,0.0,0.0,0.0,0.0,0.0,0.0,0.0,0.0,Beverage,0.0,0.0,0.0
Tuna,soda,0.0,0.0,0.0,0.0,0.0,0.0,0.0,0.0,0.0,0.0,0.0,0.0,0.0,0.0,0.0,0.0,0.0,0.0,0.0,0.0,0.8743,0.0,0.0,0.0,0.0,0.0,0.0,0.0,0.0,0.0,Beverage,0.0,0.0,0.8743
Human,ginger ale,0.0,0.0,0.0,0.0,0.0,0.0,0.0,0.0,0.0,0.0,0.0,0.0,0.0,0.0,0.0,0.0,0.0,0.0,0.0,0.0,0.0,0.0,0.0,0.0,0.0,0.0,0.0,0.0,0.0,0.0,Beverage,0.0,0.0,0.0
Flat,ginger ale,0.0,0.0,0.0,0.0,0.0,0.0,0.0,0.0,0.0,0.0,0.0,0.0,0.0,0.0,0.0,0.0,0.0,0.0,0.0,0.0,0.0,0.0,0.0,0.0,0.0,0.0,0.0,0.0,0.0,0.0,Beverage,0.0,0.0,0.0
#Kvass,soda,0.0,0.0,0.0,0.0,0.0,0.0,0.0,0.0,0.0,0.0,0.0,0.0,0.0,0.0,0.0,0.0,0.0,0.0,0.0,0.0,0.0,0.0,0.0,0.0,0.0,0.0,0.0,0.0,0.0,0.0,Beverage,0.0,0.0,0.0
@Dj,ginger ale,0.0,0.0,0.0,0.0,0.0,0.0,0.0,0.0,0.0,0.0,0.0,0.0,0.0,0.0,0.0,0.0,0.0,0.0,0.0,0.0,0.802,0.0,0.0,0.0,0.0,0.0,0.0,0.0,0.0,0.0,Beverage,0.0,0.0,0.802
Moonshine,ginger ale,-0.2263,0.0,0.0,0.0,0.0,0.0,0.0,0.0,0.0,0.0,0.0,0.0,0.0,0.0,0.0,0.0,0.0,0.0,0.0,0.0,0.0,0.0,0.0,0.0,0.0,0.0,0.0,0.0,0.0,0.0,Beverage,0.0,-0.2263,0.0
#scicomm,tonic,0.0,0.0,0.0,0.0,0.0,0.0,0.0,0.0,0.0,0.0,0.0,0.0,0.0,0.0,0.0,0.0,0.0,0.4926,0.0,0.0,0.0,0.0,0.0,0.0,0.0,0.0,0.0,0.0,0.0,0.0,Beverage,0.0,0.0,0.0
#Culture,ginger ale,0.0,0.0,0.875,0.0,0.0,0.0,0.0,0.0,0.0,0.0,0.0,0.0,0.0,0.0,0.0,0.0,0.0,0.0,0.0,0.0,0.0,0.0,0.0,0.0,0.0,0.0,0.0,0.0,0.0,0.0,Beverage,0.0,0.0,0.0
Coffee,soda,0.0,0.0,0.0,0.0,0.0,0.0,0.0,0.4724,0.0,0.0,0.0,0.0,0.0,0.0,0.0,0.0,0.0,0.0,0.0,0.0,0.0,0.0,0.0,0.0,0.0,0.0,0.0,0.0,0.0,0.0,Beverage,0.0,0.0,0.0
Rosemary,tonic,0.0,0.0,0.0,0.0,0.0,0.0,0.0,0.0,0.0,0.0,0.0,0.0,0.0,0.0,-0.2462,0.0,0.0,0.0,0.0,0.0,0.0,0.0,0.0,0.0,0.0,0.0,0.0,0.0,0.0,0.0,Beverage,0.0,0.0,0.0
Baking Soda,soda,0.0,0.0,0.0,0.6239,-0.4019,0.0,0.0,0.0,0.0,0.0,0.0,0.0,0.0,0.0,0.0,0.0,0.0,0.0,0.0,0.0,0.0,0.0,0.0,0.0,0.0,0.0,0.0,0.0,0.0,0.0,Beverage,0.0,0.0,0.0
#lasertag,ginger ale,0.0,0.0,0.0,0.0,0.0,0.0,0.0,0.0,0.0,0.0,0.6103,0.0,0.0,0.0,0.0,0.0,0.0,0.0,0.0,0.0,0.0,0.0,0.0,0.0,0.0,0.0,0.0,0.0,0.0,0.0,Beverage,0.0,0.0,0.0
#NowPlaying,ginger ale,0.0,0.0,0.2235,0.0,0.0,0.0,0.0,0.0,0.0,0.0,0.0,0.0,0.0,0.0,0.0,0.0,0.0,0.0,0.0,0.0,0.0,0.0,0.0,0.0,0.0,0.0,0.0,0.0,0.0,0.0,Beverage,0.0,0.0,0.0
Feet,tonic,0.0,0.0,0.0,0.0,0.0,0.0,0.0,0.0,0.0,0.0,0.0,0.0,0.0,0.0,0.0,0.0,0.0,0.0,0.0,0.0,0.0,0.0,0.0,0.0,0.0,0.0,0.0,0.0,0.0,0.0,Beverage,0.0,0.0,0.0
Whiskey,ginger ale,0.0,0.0,0.0,0.0,0.0,0.0,0.0,0.0,0.0,0.0,0.0,0.0,0.0,0.0,0.0,0.0,0.0,0.0,0.0,0.0,0.0,0.0,0.0,0.0,0.0,0.0,0.0,0.0,0.0,0.0,Beverage,0.0,0.0,0.0
Apple Juice,soda,0.0,0.0,0.0,0.0,0.0,0.296,0.0,0.0,0.0,0.0,0.0,0.0,0.0,0.0,0.0,0.0,0.0,0.0,0.0,0.0,0.0,0.0,0.0,0.0,0.0,0.0,0.0,0.0,0.0,0.0,Beverage,0.0,0.0,0.0
#TalkAt9,tonic,0.0,0.0,0.0,0.0,0.0,0.0,0.0,0.0,0.0,0.0,0.0,0.0,0.0,0.0,0.0,0.0,0.0,0.0,0.0,0.0,0.0,0.5267,0.0,0.0,0.0,0.0,0.0,0.0,0.0,0.0,Beverage,0.0,0.0,0.0
#PennyBaths,ginger ale,0.0,0.0,0.875,0.0,0.0,0.0,0.0,0.0,0.0,0.0,0.0,0.0,0.0,0.0,0.0,0.0,0.0,0.0,0.0,0.0,0.0,0.0,0.0,0.0,0.0,0.0,0.0,0.0,0.0,0.0,Beverage,0.0,0.0,0.0
Hand,tonic,0.0,0.0,0.0,0.0,0.0,0.0,0.0,0.0,0.0,0.0,0.0,0.0,0.0,0.0,0.0,0.0,0.0,0.0,0.0,0.0,0.0,0.0,0.0,0.4939,0.0,0.0,0.0,0.0,0.0,0.0,Beverage,0.0,0.0,0.0
Raspberry,tonic,0.0,0.0,0.0,0.0,0.0,0.0,0.0,0.0,0.0,0.0,0.0,0.0,0.0,0.0,0.0,0.0,0.0,0.0,0.0,0.0,0.0,0.0,0.0,0.0,0.0,0.0,0.0,0.0,0.0,0.0,Beverage,0.0,0.0,0.0
#OneRepublic,ginger ale,0.0,0.0,0.2235,0.0,0.0,0.0,0.0,0.0,0.0,0.0,0.0,0.0,0.0,0.0,0.0,0.0,0.0,0.0,0.0,0.0,0.0,0.0,0.0,0.0,0.0,0.0,0.0,0.0,0.0,0.0,Beverage,0.0,0.0,0.0
Gin,tonic,0.5927,0.2714,0.0,0.0,-0.45382,0.0,0.0,0.5719,0.0,0.0,0.0,0.62871426,0.0,0.0,0.3787333,0.0,0.0,0.0,0.16666667,0.0,0.0,0.5267,0.0,0.3612,0.0,0.0,0.0,0.0,-0.65926665,0.0,Beverage,0.16666667,0.5927,0.0
#icecream,ginger ale,0.0,0.0,0.0,0.0,0.0,0.0,0.0,0.0,0.0,0.0,0.6103,0.0,0.0,0.0,0.0,0.0,0.0,0.0,0.0,0.0,0.0,0.0,0.0,0.0,0.0,0.0,0.0,0.0,0.0,0.0,Beverage,0.0,0.0,0.0
Diet Coke,ginger ale,0.0,0.8616666,0.0,0.0,0.0,0.0,0.0,0.0,0.0,0.0,0.3448,0.0,0.0,0.0,0.0,0.0,0.0,0.0,0.0,0.0,0.0,0.0,0.0,0.0,0.0,0.0,0.0,0.0,0.0,0.0,Beverage,0.0,0.0,0.0
#Klarbrunn4Life,soda,0.0,0.0,0.0,0.0,0.0,0.0,0.0,0.0,0.0,0.0,0.0,0.0,0.0,0.0,0.0,0.0,0.0,0.4404,0.0,0.0,0.0,0.0,0.0,0.0,0.0,0.0,0.0,0.0,0.0,0.0,Beverage,0.0,0.0,0.0
Rebel,ginger ale,0.0,0.0,0.0,0.0,0.0,0.0,0.0,0.0,0.0,0.0,0.0,0.0,0.0,0.0,0.0,0.0,0.0,0.0,0.0,0.0,0.6259,0.0,0.0,0.0,0.0,0.0,0.0,0.0,0.0,0.0,Beverage,0.0,0.0,0.6259
Chipotle,ginger ale,0.0,0.0,0.0,0.0,0.0,0.0,0.0,0.0,0.0,0.0,0.0,0.0,0.0,0.0,0.0,0.0,0.0,0.0,0.0,0.0,0.0,0.6705,0.0,0.0,0.0,0.0,0.0,0.0,0.0,0.0,Beverage,0.0,0.0,0.0
Cranberry,tonic,0.0,0.0,0.0,0.0,0.0,0.0,0.0,0.0,0.0,0.0,0.0,0.0,0.0,0.0,0.0,0.0,0.0,0.0,0.0,0.0,0.0,0.0,0.0,0.0,0.0,0.8832,0.0,0.0,0.0,0.0,Beverage,0.0,0.0,0.0
Caffeine,ginger ale,0.0,0.0,0.0,0.0,0.0,0.0,0.0,0.0,0.0,0.0,0.0,0.0,0.0,0.0,0.0,0.0,0.0,0.0,0.3919,0.0,0.0,0.0,0.0,0.0,0.0,0.0,0.0,0.0,0.0,0.0,Beverage,0.3919,0.0,0.0
Sauce,soda,0.0,0.0,0.0,0.0,0.0,0.0,0.0,0.0,0.0,0.0,0.0,0.0,0.0,0.0,0.0,0.0,0.0,0.0,0.0,0.0,0.0,0.0,0.0,0.0,0.0,0.0,0.0,0.0,0.0,0.0,Beverage,0.0,0.0,0.0
@CAEAirport,tonic,0.0,0.0,0.0,0.0,0.0,0.0,0.0,0.0,0.0,0.0,0.0,0.0,0.0,0.0,0.5106,0.0,0.0,0.0,0.0,0.0,0.0,0.0,0.0,0.0,0.0,0.0,0.0,0.0,0.0,0.0,Beverage,0.0,0.0,0.0
Sparkling Water,soda,0.6543091,0.0,0.0,0.0,0.58735,0.3552,0.5536375,0.78033334,0.9145,0.0,0.29124,0.025799999,0.296,0.02122499,0.0,0.0,0.0,0.4215,0.296,0.0,0.58652,0.0,0.0,0.0,0.6189778,0.296,0.3780154,0.48801538,-0.296,-0.128,Beverage,0.296,0.6543091,0.58652
Ginger,ginger ale,0.0,0.0,0.0,0.0,0.169725,0.0,-0.328825,0.0,0.0,0.0,0.0,0.0,0.0,0.0,0.0,0.0,0.0,0.0,0.0,0.0,0.0,-0.5719,-0.4588,0.0,0.0,0.0,0.0,0.0,0.0,0.0,Beverage,0.0,0.0,0.0
#dentistry,soda,0.0,0.0,0.0,0.0,0.2263,0.0,0.0,0.0,0.0,0.0,0.0,0.0,0.0,0.0,0.0,0.0,0.0,0.0,0.0,0.0,0.0,0.0,0.0,0.0,0.0,0.0,0.0,0.0,0.0,0.0,Beverage,0.0,0.0,0.0
@drjoshsc,tonic,0.0,0.0,0.0,0.0,0.0,0.0,0.0,0.0,0.0,0.0,0.0,0.0,0.0,0.0,0.5106,0.0,0.0,0.0,0.0,0.0,0.0,0.0,0.0,0.0,0.0,0.0,0.0,0.0,0.0,0.0,Beverage,0.0,0.0,0.0
#craft,soda,0.0,0.0,0.0,0.0,0.0,0.0,0.9599,0.0,0.0,0.0,0.0,0.0,0.0,0.0,0.0,0.0,0.0,0.0,0.0,0.0,0.0,0.0,0.0,0.0,0.0,0.0,0.0,0.0,0.0,0.0,Beverage,0.0,0.0,0.0
Stick,tonic,0.0,0.0,0.0,0.0,0.0,0.0,0.0,0.0,0.0,0.0,0.0,0.8802,0.0,0.0,0.0,0.0,0.0,0.0,0.0,0.0,0.0,0.0,0.0,0.0,0.0,0.0,0.0,0.0,0.0,0.0,Beverage,0.0,0.0,0.0
Sole,ginger ale,0.0,0.0,0.0,0.0,0.0,0.0,0.0,0.0,0.0,0.0,0.0,0.3612,0.0,0.0,0.0,0.0,0.0,0.0,0.0,0.0,0.0,0.0,0.0,0.0,0.0,0.0,0.0,0.0,0.0,0.0,Beverage,0.0,0.0,0.0
#HealthTip,soda,0.0,0.0,0.0,0.0,0.0,0.0,0.0,0.0,0.0,0.0,0.0,0.0,0.0,0.0,0.0,0.0,0.0,0.0,0.0,0.0,0.0,0.0,0.0,0.0,0.0,0.0,0.0,0.0,0.0,0.0,Beverage,0.0,0.0,0.0
#658trivia,ginger ale,0.0,0.7351,0.0,0.0,0.0,0.0,0.0,0.0,0.0,0.0,0.0,0.0,0.0,0.0,0.0,0.0,0.0,0.0,0.0,0.0,0.0,0.0,0.0,0.0,0.0,0.0,0.0,0.0,0.0,0.0,Beverage,0.0,0.0,0.0
Baby,ginger ale,0.0,0.0,0.0,0.0,0.0,0.0,0.0,0.0,0.0,0.0,0.0,0.0,0.0,0.0,0.0,0.0,0.0,0.0,0.0,0.0,0.0,0.0,0.0,0.0,0.0,0.0,0.0,0.0,0.0,0.0,Beverage,0.0,0.0,0.0
Orange,tonic,0.0,0.0,0.0,0.0,0.0,0.0,0.0,0.0,0.0,0.0,0.0,0.8802,0.0,0.0,0.0,0.0,0.0,0.0,0.0,0.0,0.0,0.0,0.0,0.0,0.0,0.0,0.0,0.0,0.0,0.0,Beverage,0.0,0.0,0.0
Onion,soda,0.0,0.0,0.0,0.0,0.0,0.0,0.0,0.0,0.0,0.0,0.0,0.0,0.0,0.0,0.0,0.0,0.0,0.0,0.0,0.0,0.8743,0.0,0.0,0.0,0.88,0.0,0.0,0.0,0.0,0.0,Beverage,0.0,0.0,0.8743
#haveyouseenmyjuggz,ginger ale,0.0,0.0,0.0,0.0,0.0,0.0,0.0,0.0,0.0,-0.4783,0.0,0.0,0.0,0.0,0.0,0.0,0.0,0.0,0.0,0.0,0.0,0.0,0.0,0.0,0.0,0.0,0.0,0.0,0.0,0.0,Beverage,0.0,0.0,0.0
#Regeneration,ginger ale,0.0,0.0,0.875,0.0,0.0,0.0,0.0,0.0,0.0,0.0,0.0,0.0,0.0,0.0,0.0,0.0,0.0,0.0,0.0,0.0,0.0,0.0,0.0,0.0,0.0,0.0,0.0,0.0,0.0,0.0,Beverage,0.0,0.0,0.0
Tomato,soda,0.0,0.0,0.0,0.0,0.0,0.0,0.0,0.0,0.0,0.0,0.0,0.0,0.0,0.0,0.0,0.0,0.0,0.0,0.0,0.0,0.0,0.0,0.0,0.0,0.0,0.0,0.8743,0.0,0.0,0.0,Beverage,0.0,0.0,0.0
Meal,soda,0.0,0.0,0.0,0.0,0.0,0.0,0.0,0.0,0.0,0.0,0.0,0.0,0.0,0.0,0.0,-0.2023,0.0,0.0,0.0,0.0,0.0,0.0,0.0,0.0,0.0,0.0,0.0,0.0,0.0,0.0,Beverage,0.0,0.0,0.0
@craftandcochest,tonic,0.0,0.0,0.0,0.0,0.0,0.0,0.0,0.0,0.0,0.0,0.0,0.0,0.0,0.0,0.0,0.0,0.0,0.0,0.0,0.0,0.0,0.0,0.0,0.0,0.0,0.8832,0.0,0.0,0.0,0.0,Beverage,0.0,0.0,0.0
#bluehenntonic,tonic,0.0,0.0,0.0,0.0,0.0,0.0,0.0,0.0,0.0,0.0,0.0,0.0,0.0,0.0,0.0,0.0,0.0,0.0,0.0,0.0,0.0,0.0,0.0,0.0,0.0,0.0,0.0,0.0,0.0,0.0,Beverage,0.0,0.0,0.0
Cheese,ginger ale,0.0,0.0,0.0,0.0,0.0,0.0,0.0,0.0,0.0,0.0,0.0,0.0,0.0,0.1007,0.0,0.0,0.0,0.0,0.0,0.0,0.0,0.0,0.0,0.0,0.0,0.0,0.0,0.0,0.0,0.0,Beverage,0.0,0.0,0.0
Sugar,soda,0.0,0.0,0.0,0.0,0.0,0.0,0.0,0.0,-0.7002999,0.0,0.0,0.0,0.0,0.0,0.0,0.0,0.0,0.0,0.0,0.0,0.0,0.0,0.0,0.0,0.0,0.0,0.0,0.0,0.0,0.0,Beverage,0.0,0.0,0.0
Cherry Coke,ginger ale,0.0,0.0,0.0,0.0,0.0,0.0,0.0,0.0,0.0,0.0,0.0,0.0,0.0,0.0,0.0,0.0,0.0,0.0,0.0,0.0,0.0,0.7184,0.0,0.0,0.0,0.0,0.0,0.0,0.0,0.0,Beverage,0.0,0.0,0.0
Cold,soda,0.0,0.0,0.0,0.0,0.0,0.0,0.0,0.4724,0.0,0.0,0.0,0.0,0.0,0.0,0.0,0.0,0.0,0.0,0.0,0.0,0.0,0.0,0.0,0.0,0.0,0.0,0.0,0.0,0.0,0.0,Beverage,0.0,0.0,0.0
#Heritage,ginger ale,0.0,0.0,0.875,0.0,0.0,0.0,0.0,0.0,0.0,0.0,0.0,0.0,0.0,0.0,0.0,0.0,0.0,0.0,0.0,0.0,0.0,0.0,0.0,0.0,0.0,0.0,0.0,0.0,0.0,0.0,Beverage,0.0,0.0,0.0
#drum,ginger ale,0.0,0.0,0.0,0.0,0.0,0.0,0.0,0.0,0.0,0.0,0.0,0.0,0.0,0.0,0.0,0.0,0.0,0.0,0.0,0.0,0.5067,0.0,0.0,0.0,0.0,0.0,0.0,0.0,0.0,0.0,Beverage,0.0,0.0,0.5067
#architecture,ginger ale,0.0,0.0,0.875,0.0,0.0,0.0,0.0,0.0,0.0,0.0,0.0,0.0,0.0,0.0,0.0,0.0,0.0,0.0,0.0,0.0,0.0,0.0,0.0,0.0,0.0,0.0,0.0,0.0,0.0,0.0,Beverage,0.0,0.0,0.0
Grapes,ginger ale,0.0,0.0,0.0,0.0,0.0,0.0,0.0,0.0,0.0,0.0,0.0,0.0,0.0,0.6369,0.0,0.0,0.0,0.0,0.0,0.0,0.0,0.0,0.0,0.0,0.0,0.0,0.0,0.0,0.0,0.0,Beverage,0.0,0.0,0.0
#djent,ginger ale,0.0,0.0,0.0,0.0,0.0,0.0,0.0,0.0,0.0,0.0,0.0,0.0,0.0,0.0,0.0,0.0,0.0,0.0,0.0,0.0,0.5067,0.0,0.0,0.0,0.0,0.0,0.0,0.0,0.0,0.0,Beverage,0.0,0.0,0.5067
Salmon,ginger ale,0.0,0.0,0.0,0.0,0.0,0.0,0.0,0.0,0.0,0.0,0.0,0.0,0.0,0.0,0.0,0.4588,0.0,0.0,0.0,0.0,0.0,0.0,0.0,0.0,0.0,0.0,0.0,0.0,0.0,0.0,Beverage,0.0,0.0,0.0
@Jaguars,ginger ale,0.0,0.0,0.0,0.0,0.0,0.0,0.0,0.0,0.0,0.0,0.0,0.0,0.0,0.1007,0.0,0.0,0.0,0.0,0.0,0.0,0.0,0.0,0.0,0.0,0.0,0.0,0.0,0.0,0.0,0.0,Beverage,0.0,0.0,0.0
@OutwavesMA,ginger ale,0.0,0.0,0.0,0.0,0.0,0.0,0.0,0.0,0.0,0.0,0.0,0.0,0.0,0.0,0.0,0.0,0.0,0.0,0.0,0.0,0.5067,0.0,0.0,0.0,0.0,0.0,0.0,0.0,0.0,0.0,Beverage,0.0,0.0,0.5067
Powder,soda,0.0,0.0,0.0,0.0,0.0,0.0,0.0,0.0,0.0,0.0,0.0,0.0,0.0,0.0,0.0,0.0,0.0,0.0,0.0,0.0,0.0,0.0,0.0,0.0,0.0,0.0,0.0,0.0,0.0,0.9382,Beverage,0.0,0.0,0.0
@badencoffee,tonic,0.0,0.0,0.0,0.0,0.0,0.0,0.0,0.0,0.0,0.0,0.0,0.0,0.0,0.0,0.0,0.0,0.0,0.0,-0.4574,0.0,0.0,0.0,0.0,0.0,0.0,0.0,0.0,0.0,0.0,0.0,Beverage,-0.4574,0.0,0.0
Angostura Bitters,tonic,0.0,0.0,0.0,0.0,0.0,0.0,0.0,0.0,0.0,0.0,0.0,0.0,0.0,0.0,-0.2462,0.0,0.0,0.0,0.0,0.0,0.0,0.0,0.0,0.0,0.0,0.0,0.0,0.0,0.0,0.0,Beverage,0.0,0.0,0.0
#Ginvent,tonic,0.0,0.0,0.0,0.0,0.0,0.0,0.0,0.0,0.0,0.0,0.0,0.8802,0.0,0.0,0.0,0.0,0.0,0.0,0.0,0.0,0.0,0.0,0.0,0.0,0.0,0.0,0.0,0.0,0.0,0.0,Beverage,0.0,0.0,0.0
#NP,ginger ale,0.0,0.0,0.0,0.0,0.0,0.0,0.0,0.0,0.0,0.0,0.0,0.0,0.0,0.0,0.0,0.0,0.0,0.0,0.0,0.0,0.0,0.0,0.0,0.0,0.0,0.0,0.0,0.0,0.0,0.0,Beverage,0.0,0.0,0.0
#RapeSurvivors,tonic,0.0,0.0,0.0,0.0,0.0,0.0,0.0,0.0,0.0,0.0,0.0,0.0,0.0,0.0,0.0,0.0,0.0,0.0,0.0,0.0,0.0,0.5267,0.0,0.0,0.0,0.0,0.0,0.0,0.0,0.0,Beverage,0.0,0.0,0.0
#fizzyfriday,soda,0.0,0.0,0.0,0.0,0.0,0.0,0.0,0.4724,0.0,0.0,0.0,0.0,0.0,0.0,0.0,0.0,0.0,0.0,0.0,0.0,0.0,0.0,0.0,0.0,0.0,0.0,0.0,0.0,0.0,0.0,Beverage,0.0,0.0,0.0
Dr Pepper,ginger ale,0.0,0.0,0.0,0.0,0.0,0.0,0.0,0.0,0.0,0.0,0.0,0.0,0.0,0.0,0.0,0.0,0.0,0.0,0.0,0.0,-0.8442,0.0,0.0,0.0,0.0,0.0,0.0,0.0,0.0,0.0,Beverage,0.0,0.0,-0.8442
American,ginger ale,0.0,0.0,0.0,0.0,0.0,0.0,0.0,0.0,0.0,0.0,0.0,0.0,0.0,0.0,0.0,0.0,0.0,0.0,0.0,0.0,0.0,0.0,0.0,0.0,0.0,0.0,0.0,0.0,0.0,0.0,Beverage,0.0,0.0,0.0
#win,soda,0.0,0.0,0.0,0.0,0.0,0.0,0.0,0.0,0.0,0.0,0.0,0.0,0.0,0.0,0.0,0.0,0.0,0.0,0.0,0.0,0.0,0.0,0.0,0.0,0.0,0.0,0.0,0.0,0.68,0.0,Beverage,0.0,0.0,0.0
Fountain,soda,0.0,0.0,0.0,0.0,0.0,0.0,0.0,0.0,0.0,0.0,0.0,0.0,0.0,0.0,0.0,0.0,0.0,0.0,0.0,0.0,0.0,0.0,0.0,0.0,0.0,0.0,0.0,0.0,0.0,0.0,Beverage,0.0,0.0,0.0
Ginger,soda,0.0,0.0,0.0,0.0,0.0,0.0,0.9599,0.0,0.0,0.0,0.0,0.0,0.0,0.0,0.0,0.0,0.0,0.0,0.0,0.0,0.0,0.0,0.0,0.0,0.0,0.0,0.0,0.0,0.0,0.0,Beverage,0.0,0.0,0.0
Lime,ginger ale,0.0,0.0,0.0,0.0,0.0,0.0,0.0,0.0,0.0,0.0,0.0,0.8176,0.0,0.0,0.0,0.0,0.0,0.0,0.0,0.0,0.0,0.7184,0.0,0.0,0.0,0.0,0.0,0.0,0.0,0.0,Beverage,0.0,0.0,0.0
Cinnamon,tonic,0.0,0.0,0.0,0.0,0.0,0.0,0.0,0.0,0.0,0.0,0.0,0.8802,0.0,0.0,0.0,0.0,0.0,0.0,0.0,0.0,0.0,0.0,0.0,0.0,0.0,0.0,0.0,0.0,0.0,0.0,Beverage,0.0,0.0,0.0
Dried,soda,0.0,0.0,0.0,0.0,0.0,0.0,0.0,0.0,0.0,0.0,0.0,0.0,0.0,0.0,-0.34,0.0,0.0,0.0,0.0,0.0,0.0,0.0,0.0,0.0,0.0,0.0,0.0,0.0,0.0,0.0,Beverage,0.0,0.0,0.0
#community,soda,0.0,0.0,0.0,0.0,0.0,0.0,0.0,0.0,0.0,0.0,0.0,0.0,0.0,0.0,0.0,0.0,0.0,0.0,0.0,0.0,0.937,0.0,0.0,0.0,0.0,0.0,0.0,0.0,0.0,0.0,Beverage,0.0,0.0,0.937
@EpicFoundSA,tonic,0.0,0.0,0.0,0.0,0.0,0.0,0.0,0.0,0.0,0.0,0.0,0.0,0.0,0.0,0.0,0.0,0.0,0.0,0.0,0.0,0.0,0.5267,0.0,0.0,0.0,0.0,0.0,0.0,0.0,0.0,Beverage,0.0,0.0,0.0
#latenightshow,ginger ale,0.0,0.0,0.0,0.0,0.0,0.0,0.0,0.0,0.0,0.0,0.0,0.0,0.0,0.0,0.0,0.0,0.0,0.0,0.0,0.0,0.5067,0.0,0.0,0.0,0.0,0.0,0.0,0.0,0.0,0.0,Beverage,0.0,0.0,0.5067
Honey,ginger ale,0.0,0.0,0.0,0.0,0.0,0.0,0.0,0.0,0.0,0.0,0.0,0.0,0.0,0.0,0.0,0.0,0.0,0.0,0.0,0.0,0.0,0.0,0.0,0.0,0.0,0.0,0.0,0.0,0.0,0.0,Beverage,0.0,0.0,0.0
Stomach,ginger ale,0.7494,0.0,0.0,0.0,0.0,0.0,0.0,0.0,0.0,0.0,0.3182,0.0,0.0,0.0,0.0,0.0,0.0,0.0,0.0,0.0,0.31780002,0.0,0.0,0.0,0.0,0.0,0.0,0.0,0.0,0.0,Beverage,0.0,0.7494,0.31780002
Flat,soda,0.0,0.0,0.0,0.0,0.0,0.0,0.8807,0.0,0.0,0.0,0.0,0.0,0.0,0.0,0.0,0.0,0.0,0.0,0.0,0.0,0.0,0.0,0.0,0.0,0.0,0.0,0.0,-0.6705,0.0,0.0,Beverage,0.0,0.0,0.0
Cherry,ginger ale,0.0,0.0,0.0,0.0,0.0,0.0,0.0,0.0,0.0,0.0,0.0,0.0,0.0,0.0,0.0,0.0,0.0,0.0,0.0,0.0,-0.8442,0.7184,0.0,0.0,0.0,0.0,0.0,0.0,0.0,0.0,Beverage,0.0,0.0,-0.8442
@GinFoundry,tonic,0.0,0.0,0.0,0.0,0.0,0.0,0.0,0.0,0.0,0.0,0.0,0.8802,0.0,0.0,0.0,0.0,0.0,0.0,0.0,0.0,0.0,0.0,0.0,0.0,0.0,0.0,0.0,0.0,0.0,0.0,Beverage,0.0,0.0,0.0
Basil,soda,0.0,0.0,0.0,0.0,0.0,0.0,0.0,0.0,0.0,0.0,0.0,0.0,0.0,0.0,0.0,0.0,0.0,0.0,0.0,0.0,0.0,0.0,0.0,0.0,0.0,0.0,0.0,0.0,0.0,0.0,Beverage,0.0,0.0,0.0
Spiced,tonic,0.0,0.0,0.0,0.0,0.0,0.0,0.0,0.0,0.0,0.0,0.0,0.0,0.0,0.0,0.0,0.0,0.0,0.0,0.0,0.0,0.0,0.0,0.0,0.0,0.0,0.8832,0.0,0.0,0.0,0.0,Beverage,0.0,0.0,0.0
My Favorite,soda,0.0,0.0,0.0,0.0,0.0,0.0,0.0,0.0,0.0,0.0,0.0,0.8316,0.0,0.0,0.0,0.0,0.0,0.0,0.0,0.0,0.0,0.0,0.0,0.0,0.0,0.0,0.0,0.0,0.0,0.0,Beverage,0.0,0.0,0.0
#golfgalaxy,ginger ale,0.0,0.0,0.0,0.0,0.0,0.0,0.0,0.0,0.0,0.0,0.431,0.0,0.0,0.0,0.0,0.0,0.0,0.0,0.0,0.0,0.0,0.0,0.0,0.0,0.0,0.0,0.0,0.0,0.0,0.0,Beverage,0.0,0.0,0.0
#SabrinahFontelar,soda,0.0,0.0,0.0,0.0,0.0,0.0,-0.9499,0.0,0.0,0.0,0.0,0.0,0.0,0.0,0.0,0.0,0.0,0.0,0.0,0.0,0.0,0.0,0.0,0.0,0.0,0.0,0.0,0.0,0.0,0.0,Beverage,0.0,0.0,0.0
Brown,soda,0.0,0.0,0.0,0.0,0.0,0.0,0.0,0.0,0.0,0.0,0.0,0.0,0.0,0.0,0.0,0.0,0.0,-0.5574,0.0,0.0,0.0,0.0,0.0,0.0,0.0,0.0,0.0,0.0,0.0,0.0,Beverage,0.0,0.0,0.0
Cognac,ginger ale,-0.2263,0.0,0.0,0.0,0.0,0.0,0.0,0.0,0.0,0.0,0.0,0.0,0.0,0.0,0.0,0.0,0.0,0.0,0.0,0.0,0.0,0.0,0.0,0.0,0.0,0.0,0.0,0.0,0.0,0.0,Beverage,0.0,-0.2263,0.0
Orange Soda,soda,0.0,0.0,0.0,0.0,-0.296,0.0,0.0,0.0,0.0,0.0,0.0,0.0,0.0,0.0,0.0,0.0,0.0,0.0,0.0,0.0,0.5719,0.0,0.0,0.0,0.0,0.0,0.0,-0.5267,0.0,0.0,Beverage,0.0,0.0,0.5719
Cavalier,ginger ale,0.0,0.0,0.0,0.0,0.0,0.0,0.0,0.0,0.0,0.0,0.0,0.0,0.0,0.0,0.0,0.0,0.0,0.0,0.0,0.0,0.6259,0.0,0.0,0.0,0.0,0.0,0.0,0.0,0.0,0.0,Beverage,0.0,0.0,0.6259
#Events,ginger ale,0.0,0.0,0.875,0.0,0.0,0.0,0.0,0.0,0.0,0.0,0.0,0.0,0.0,0.0,0.0,0.0,0.0,0.0,0.0,0.0,0.0,0.0,0.0,0.0,0.0,0.0,0.0,0.0,0.0,0.0,Beverage,0.0,0.0,0.0
#wherelongislandgetsengaged,ginger ale,0.0,0.0,0.0,0.0,0.0,0.0,0.0,0.0,0.0,0.0,0.0,0.0,0.0,0.0,0.0,0.0,0.0,0.0,0.0,0.0,0.8443,0.0,0.0,0.0,0.0,0.0,0.0,0.0,0.0,0.0,Beverage,0.0,0.0,0.8443
@Wendys,ginger ale,0.0,0.0,0.0,0.0,0.0,0.0,0.0,0.0,0.0,0.0,0.0,0.0,0.0,0.0,0.0,0.0,0.9624,0.0,0.0,0.0,0.0,0.0,0.0,0.0,0.0,0.0,0.0,0.0,0.0,0.0,Beverage,0.0,0.0,0.0
Vodka,tonic,0.0,0.0,0.6249,0.0,0.0,0.0,0.0,-0.3612,0.0,-0.8591,0.0,0.0,0.0,0.0,0.0,0.0,0.0,0.0,0.0,0.0,0.0,0.0,0.0,0.0,0.0,0.0,0.0,0.0,0.0,0.0,Beverage,0.0,0.0,0.0
@liamsteevenson,tonic,0.0,0.0,0.0,0.0,0.0,0.0,0.0,0.9455,0.0,0.0,0.0,0.0,0.0,0.0,0.0,0.0,0.0,0.0,0.0,0.0,0.0,0.0,0.0,0.0,0.0,0.0,0.0,0.0,0.0,0.0,Beverage,0.0,0.0,0.0
Black,ginger ale,0.0,0.0,0.0,0.0,0.0,0.0,0.0,0.0,0.0,0.0,0.4215,0.0,0.0,0.0,0.0,0.0,0.0,0.0,0.0,0.0,0.0,0.0,0.0,0.0,0.0,0.0,0.0,0.0,0.0,0.0,Beverage,0.0,0.0,0.0
Baked,soda,0.0,0.0,0.0,0.0,0.0,0.0,0.0,0.0,0.0,0.0,0.0,0.0,0.0,0.0,0.0,0.0,0.0,0.0,0.0,0.0,0.0,0.0,0.0,0.0,0.0,0.0,0.0,0.0,0.0,0.0,Beverage,0.0,0.0,0.0
Pork,soda,0.0,0.0,0.0,0.0,0.0,0.0,0.0,0.0,0.0,0.0,0.0,0.0,0.0,0.0,0.0,0.0,0.0,0.0,0.0,0.0,0.0,0.0,0.0,0.0,0.44789997,0.0,0.0,0.0,0.0,0.0,Beverage,0.0,0.0,0.0
Lemon,soda,0.0,0.0,0.0,0.0,0.0,0.0,0.0,0.0,0.0,0.0,0.0,0.0,0.0,0.0,0.0,0.0,0.0,0.0,0.0,0.0,0.0,0.0,0.0,0.0,0.0,0.0,0.0,0.0,0.0,0.0,Beverage,0.0,0.0,0.0
Inca,ginger ale,0.0,0.0,0.0,0.0,0.0,0.0,0.0,0.0,0.0,0.0,0.0,0.5954,0.0,0.0,0.0,0.0,0.0,0.0,0.0,0.0,0.0,0.0,0.0,0.0,0.0,0.0,0.0,0.0,0.0,0.0,Beverage,0.0,0.0,0.0
@redbubble,soda,0.0,0.0,0.0,0.0,0.0,0.0,0.0,0.0,0.0,0.0,0.0,0.0,0.0,0.0,0.0,0.0,0.0,0.0,0.0,0.0,0.0,0.0,0.0,0.0,0.0,0.0,0.0,0.0,0.0,0.0,Beverage,0.0,0.0,0.0
Claws,soda,0.0,0.0,0.0,0.0,0.0,0.0,0.0,0.0,0.0,0.0,0.0,0.0,0.0,0.0,0.0,0.0,0.0,0.0,0.0,0.0,0.0,0.0,0.0,0.0,0.0,0.0,0.0,0.0,0.0,-0.128,Beverage,0.0,0.0,0.0
Cherry Vodka,soda,0.0,0.0,0.0,0.0,0.0,0.0,0.0,0.0,0.0,0.0,0.0,0.0,0.0,0.0,0.0,0.0,0.0,0.0,0.0,0.0,0.0,0.0,0.0,0.0,0.0,0.0,0.0,0.0,0.0,0.0,Beverage,0.0,0.0,0.0
Orange,ginger ale,0.0,0.0,0.0,0.0,0.0,0.0,0.0,0.0,0.0,0.0,0.0,0.0,0.0,0.0,0.0,-0.5574,0.0,0.0,0.0,0.0,0.0,0.0,0.0,0.0,0.0,0.0,0.0,0.0,0.0,0.0,Beverage,0.0,0.0,0.0
#Rap,ginger ale,0.0,0.0,0.0,0.0,0.0,0.0,0.0,0.0,0.0,0.0,0.0,0.0,0.0,0.0,0.0,0.0,0.0,0.0,0.0,0.0,0.0,0.0,0.0,0.0,0.0,0.0,0.0,0.0,0.0,0.0,Beverage,0.0,0.0,0.0
@readersdigest,soda,0.0,0.0,0.0,0.0,0.0,0.0,0.0,0.0,0.0,-0.2732,0.0,0.0,0.0,0.0,0.0,0.0,0.0,0.0,0.0,0.0,0.0,0.0,0.0,0.0,0.0,0.0,0.0,0.0,0.0,0.0,Beverage,0.0,0.0,0.0
Oil,soda,0.0,0.0,0.0,0.0,-0.4019,0.0,0.0,0.0,0.0,0.0,0.0,0.0,0.0,0.0,0.0,0.0,0.0,0.0,0.0,0.0,0.0,0.0,0.0,0.0,0.0,0.0,0.0,0.0,0.0,0.0,Beverage,0.0,0.0,0.0
Cold,tonic,0.0,0.0,0.0,0.0,0.0,0.0,0.0,0.0,0.0,0.0,0.0,0.0,0.0,0.0,0.0,0.0,0.0,0.6249,0.0,0.0,0.0,0.0,0.0,0.0,0.0,0.0,0.0,0.0,0.0,0.0,Beverage,0.0,0.0,0.0
#bbc,ginger ale,0.0,0.0,0.0,0.0,0.0,0.0,0.0,0.0,0.0,0.0,0.0,0.0,0.0,0.0,0.0,0.0,0.0,0.0,0.0,0.0,0.0,0.0,0.0,0.0,0.0,0.0,0.0,0.0,0.0,0.0,Beverage,0.0,0.0,0.0
#MothersDay,ginger ale,0.0,0.0,0.0,0.0,-0.633,0.0,0.0,0.0,0.0,0.0,0.0,0.0,0.0,0.0,0.0,0.0,0.0,0.0,0.0,0.0,0.0,0.0,0.0,0.0,0.0,0.0,0.0,0.0,0.0,0.0,Beverage,0.0,0.0,0.0
#craftcocktails,tonic,0.0,0.0,0.0,0.0,0.0,0.0,0.0,0.0,0.0,0.0,0.0,0.0,0.0,0.0,-0.2462,0.0,0.0,0.0,0.0,0.0,0.0,0.0,0.0,0.0,0.0,0.0,0.0,0.0,0.0,0.0,Beverage,0.0,0.0,0.0
